type,name,module,path,hash
"csv","agent-manifest","_config","_config/agent-manifest.csv","f9244e8b42eb13930ab2a19738eb6b3bcb28d515cbd4f2b73c52142e52b0129a"
"csv","task-manifest","_config","_config/task-manifest.csv","98a5690505c0373efaaf6bf7bd306f2e9a1cd3b937deb1268cda54377ec622a2"
"csv","workflow-manifest","_config","_config/workflow-manifest.csv","d5ae8586016bc0a03256227358d25f92d7da5350cd738ab8ea91f7329558399b"
"yaml","manifest","_config","_config/manifest.yaml","487edb370dda0a340e4e4a952632a94430e2be865f04e1a0c5a76395eba4f607"
"json","complete-diagram-set-v2","app-creator","app-creator/workflows/product-definition/examples/complete-diagram-set-v2.json","d91757a3d8b80dc9e352bbedb9d4643a55917099b075d7ffc03f8727915989ca"
"json","enterprise-diagram-styles","app-creator","app-creator/workflows/product-definition/data/enterprise-diagram-styles.json","61b7395d9a436b512d00f9399e2f879b86d9bdad9176d867b0e8b14fbdf4956e"
"json","user-system-diagram-v2","app-creator","app-creator/workflows/product-definition/examples/user-system-diagram-v2.json","a03c3481c8478eb835e1b930b38554a3932a3919eb9b20c8e3f12072ff9da2d1"
"md","adr-template","app-creator","app-creator/workflows/tech-architecture/templates/adr-template.md","305ad1e9545dfb5902e931636b82f1589012ff9e229e2652ef5f82424f1c06ad"
"md","analysis-frameworks","app-creator","app-creator/workflows/market-research/data/analysis-frameworks.md","ed8715cec70c2f3a20229fe01e5a516cfbb449bdc2730025b5cb3aed34af92ff"
"md","api-spec-template","app-creator","app-creator/workflows/tech-architecture/templates/api-spec-template.md","96ecd6c71b9fc00f922bbcd9efe4210bee7a62087263bf099329aec86b83d26d"
"md","architecture-checklist","app-creator","app-creator/workflows/tech-architecture/validation/architecture-checklist.md","76969673bf82ed3e59487dbfe0cdeff600b6b59eceb1c3756089b8a3d3d8c6eb"
"md","auth-implementation","app-creator","app-creator/workflows/mvp-implementation/code-snippets/auth-implementation.md","852650236114f2e85f3adebdee0e7987c006b2761957454de24400c78db8e19e"
"md","code-quality-checklist","app-creator","app-creator/workflows/mvp-implementation/validation/code-quality-checklist.md","3f189a5d217011ec410859aa01be3a51154cf999343ef8f73f404c63a27bd85b"
"md","common-patterns","app-creator","app-creator/workflows/tech-architecture/data/common-patterns.md","3833491defc9bd6ddbd8c59be96dfe345b2855ea8546d1d805e6e76df31cac03"
"md","CREATION-REPORT","app-creator","app-creator/CREATION-REPORT.md","4a066f6037576e1a281e7d039d1293c8fd3f34a6e9f0a7d2e494363e0507de41"
"md","database-schema-template","app-creator","app-creator/workflows/tech-architecture/templates/database-schema-template.md","6f9a3ad5cfa1437562f6602e8c13647a0f8b924f77a78488f48742adf1f79345"
"md","design-brief-template","app-creator","app-creator/workflows/design-sprint/templates/design-brief-template.md","1c7d67e4942f2ae4b450a4dfc641201f88228e6e058468655808436119d43785"
"md","design-checklist","app-creator","app-creator/workflows/design-sprint/validation/design-checklist.md","f5e265cf73ae74aff2031e63f38aa15665eb9c3944062f2e7297a3d1d8b96e29"
"md","design-system-reference","app-creator","app-creator/workflows/design-sprint/data/design-system-reference.md","3d51efaeddd04cb08dd7eb925198b6271ea079bfbf7f948641ec6b4d66dc2488"
"md","idea-validation-template","app-creator","app-creator/workflows/idea-validation/templates/idea-validation-template.md","82379648ad4b667e1007868cb5e9d4a14c7e56a59147d3b3a736b74f3fd34f3d"
"md","market-entry-strategies","app-creator","app-creator/workflows/idea-validation/data/market-entry-strategies.md","4ac80a7ff98336a6f3e471164aac8fbd4d9e5f357eabd7ad8f4d7f876b03e835"
"md","market-research-template","app-creator","app-creator/workflows/market-research/templates/market-research-template.md","05db8446eaabc16fcac3cbd1c5e21a64c177c38d84088ce159fa0d1cc2b695a9"
"md","module-plan-app-creator","app-creator","app-creator/module-plan-app-creator.md","1ee1896a2df74fb9d7d64a156930bac29d16b68eac9baaed54bae9db86c1d616"
"md","prd-template","app-creator","app-creator/workflows/product-definition/templates/prd-template.md","59e704098150e262917c86f921536afbe9bba8cdf3db8ee4fa04a3591a7bdbf8"
"md","quality-checklist","app-creator","app-creator/workflows/product-definition/validation/quality-checklist.md","4f3430e780fdfa0d9eb8a81f5684e742b46456dc4e1e5f0eb433adbeeb3b0f06"
"md","README","app-creator","app-creator/README.md","624ba8f0fdaf591f02d17c0fdfff6b2361ff265759068abdc991cf7b581e45bb"
"md","README","app-creator","app-creator/workflows/design-sprint/README.md","aa9f4bb9ff33abecde7ea106d1e5a9fea1d579b6c1292c36611a44997bfc0654"
"md","README","app-creator","app-creator/workflows/idea-validation/README.md","7882b763efdae19d4489b4397e56db5c280ac861751c9cb405e2ea9283b9045a"
"md","README","app-creator","app-creator/workflows/market-research/README.md","44e2ab7241ab23fbaf303743d6fa449915ae92182a81b1fc4db6b2366e1f2ee1"
"md","README","app-creator","app-creator/workflows/mvp-builder-master/README.md","fff118eee5caf56b61a65e44cb5030cc3224d0f679deca6253b791babff49f4f"
"md","README","app-creator","app-creator/workflows/mvp-implementation/README.md","c5a4745346b9683ef1b1f8df6dc56ff825a9b9f463e8ae547baacd6386e62d16"
"md","README","app-creator","app-creator/workflows/product-definition/README.md","017a80d199bdb663fd5a0414d219685f2144477d462c4f93c5ccf27d14bb98be"
"md","README","app-creator","app-creator/workflows/project-planning/README.md","b32f54b27a0bf75be7073a8d30095a71ed3e0e3f232206704f4f80760e71d178"
"md","README","app-creator","app-creator/workflows/prototyping/README.md","8d56f8551595721d3cb21c4139120447beb6b9bde08ec9a8ec5235488ead4b79"
"md","README","app-creator","app-creator/workflows/tech-architecture/README.md","aa6e8aee4b2737e14eac0aa37bb79f0e66fbfc2f5e9e03660bd1ae54c5ae0e7e"
"md","research-checklist","app-creator","app-creator/workflows/market-research/validation/research-checklist.md","9fa7c4b76275e0ced517c22c8434ecb0ed0a2d6066fa04be29c3d77b65e495c5"
"md","risk-matrix-template","app-creator","app-creator/workflows/project-planning/templates/risk-matrix-template.md","3a385617699863d7b0592d4d6305d5f1a3266636401d76874ade281f69bf5a4a"
"md","sprint-template","app-creator","app-creator/workflows/project-planning/templates/sprint-template.md","7d2f1cfd6b53c9f211d8b789aa515942cd8e0c6da29cf058864b70dacd6394a4"
"md","step-01-init","app-creator","app-creator/workflows/design-sprint/steps/step-01-init.md","a82298db310a2393de58ebb5c5fbf22a6da45078f859be6a03fd3af03f89273f"
"md","step-01-init","app-creator","app-creator/workflows/idea-validation/steps/step-01-init.md","affb56e8f7f7673ce77303e676e2aba917ef9fcaaf39720486d5a2cf9ca3c4cc"
"md","step-01-init","app-creator","app-creator/workflows/market-research/steps/step-01-init.md","9166d4201c29815d60d1844434dbf30118c94f00bad2d571c7c5faedb156fedc"
"md","step-01-init","app-creator","app-creator/workflows/product-definition/steps/step-01-init.md","ffe23821817894b4c151fb19bb87c0d0e5e4e90692905485f51ede07a58a6347"
"md","step-01-init","app-creator","app-creator/workflows/tech-architecture/steps/step-01-init.md","3ee2bad0529be41074172fa56093bcb9bbc20ea5402f6c95bdff6e749bc4630a"
"md","step-01-project-setup","app-creator","app-creator/workflows/mvp-implementation/steps/step-01-project-setup.md","d2829aa3a3cdee4b654250a3544fc6e8ce7c69e9052a897ed1291f3ac3fbd8a5"
"md","step-01-prototype-planning","app-creator","app-creator/workflows/prototyping/steps/step-01-prototype-planning.md","93138df93d15ae03831f6c804d2913290453d32987a5180ea3262a96e34e4bce"
"md","step-01-scope-definition","app-creator","app-creator/workflows/project-planning/steps/step-01-scope-definition.md","069c84511b39be812bb8bfa3977d3189f17a45f6d65245c22f37f91b9370b206"
"md","step-01b-continue","app-creator","app-creator/workflows/design-sprint/steps/step-01b-continue.md","f99db65a4a7839b91a60ae6d12c39aaa7f4e61d93d70727186def7eb02806a22"
"md","step-01b-continue","app-creator","app-creator/workflows/idea-validation/steps/step-01b-continue.md","df52c2407714666b112ec666108c6a9694b26861a272bfd34acf322f8236b318"
"md","step-01b-continue","app-creator","app-creator/workflows/market-research/steps/step-01b-continue.md","b95fe440807688227882140f6a78e4d40b280fb14bbc7ed62bf772f9f3e38db6"
"md","step-01b-continue","app-creator","app-creator/workflows/product-definition/steps/step-01b-continue.md","f14495f2132e31e446f0038f6032a918ce30711653b76215ee4407a1b87800a3"
"md","step-01b-continue","app-creator","app-creator/workflows/tech-architecture/steps/step-01b-continue.md","60c869abb9321788be39eb121a3b1956454320da40def007b30bae920812e270"
"md","step-02-concept-collection","app-creator","app-creator/workflows/product-definition/steps/step-02-concept-collection.md","b14034595a2dc7148d2724299f434404c94e5b30741e63b9920de0ba9a60ee17"
"md","step-02-database-implementation","app-creator","app-creator/workflows/mvp-implementation/steps/step-02-database-implementation.md","6ae3d2f15b164e3f451fb3d27681e975577c7093c132311cb349e7381dabca02"
"md","step-02-design-brief","app-creator","app-creator/workflows/design-sprint/steps/step-02-design-brief.md","424f7bfd43046d5a5496cb6016c8d4c0aa1692fc52ab970b934370b23f3a6cd3"
"md","step-02-idea-capture","app-creator","app-creator/workflows/idea-validation/steps/step-02-idea-capture.md","021a973ab9f735b7c430350e8266571930af7a0a317e4f36866ba9e3ace86e3b"
"md","step-02-requirements-analysis","app-creator","app-creator/workflows/tech-architecture/steps/step-02-requirements-analysis.md","2b8dbdba4447a066edc819be5da7b449a35eed5be7fd7c8e13a61ec3e77c8804"
"md","step-02-research-scope","app-creator","app-creator/workflows/market-research/steps/step-02-research-scope.md","f782051d0abb2c6bfbfc7f3bda422094cf03b587deddb2a52e18f84a6dca9bb0"
"md","step-02-timeline-planning","app-creator","app-creator/workflows/project-planning/steps/step-02-timeline-planning.md","1bcbbb7f8ffabedd6bb5fd4d9d316e446f4fa4f1f359c9fee82c5ba2112c8e6d"
"md","step-03-competitor-identification","app-creator","app-creator/workflows/market-research/steps/step-03-competitor-identification.md","de0a44126542345a5b6a3932dc5615f5867c5b3f1e3a2e69c2c71f9d47c9c825"
"md","step-03-requirements-analysis","app-creator","app-creator/workflows/product-definition/steps/step-03-requirements-analysis.md","d0e7d57fabff415cd6b70a8e77c7104eb7628ee221aa461199a33ce957d052a1"
"md","step-03-technology-selection","app-creator","app-creator/workflows/tech-architecture/steps/step-03-technology-selection.md","d5fc9dd54e37dd517c31df7c4f406ee44092a972f3770bae7a447f8cf671722f"
"md","step-03-user-journey","app-creator","app-creator/workflows/design-sprint/steps/step-03-user-journey.md","37d7f1da817c851166c8a806249b0a19ced5956d8e37078aa7a5f799a751050f"
"md","step-03-value-proposition","app-creator","app-creator/workflows/idea-validation/steps/step-03-value-proposition.md","cc624e67d2906aa27d6a81635e4740eda36627238b847576e6476f6b918fd286"
"md","step-04-architecture-design","app-creator","app-creator/workflows/tech-architecture/steps/step-04-architecture-design.md","b74d63796d148caf76e7087033c4705d63de8fc9e192399bf013cb9b0144381d"
"md","step-04-competitor-analysis","app-creator","app-creator/workflows/market-research/steps/step-04-competitor-analysis.md","baaf5bcfdd64d3dc2be48017e95dde4c8e705cb51becb50dda8f96a954783712"
"md","step-04-feasibility","app-creator","app-creator/workflows/idea-validation/steps/step-04-feasibility.md","02c1fc9169d653454cf6e308c17a76920203a4d4d6d91c5d610f82fbc88d90b3"
"md","step-04-information-architecture","app-creator","app-creator/workflows/design-sprint/steps/step-04-information-architecture.md","7a3c04945a9b5e7d021a1ffc436fa9bd5208512c8738d741f8c75efc080df5b6"
"md","step-04-prd-generation","app-creator","app-creator/workflows/product-definition/steps/step-04-prd-generation.md","8f829e534325d24f1343987d3bef5d7bd041c179db557e3ad7f121bfb4c8d074"
"md","step-04-risk-management","app-creator","app-creator/workflows/project-planning/steps/step-04-risk-management.md","3f4c0e38e2b3d915cb4797ce1174aa1ef186355e1efb47dac201c7d204121fa9"
"md","step-04-user-testing","app-creator","app-creator/workflows/prototyping/steps/step-04-user-testing.md","dde2f3b1c00fddb394380c68eb5717a86dc8748a2ba868a4e4da6b745386e7c0"
"md","step-05-data-model-design","app-creator","app-creator/workflows/tech-architecture/steps/step-05-data-model-design.md","a428ebc22eae8671e05cc452b327bed7c0f8c41c924e9df068ffbfedf8df2475"
"md","step-05-diagram-creation","app-creator","app-creator/workflows/product-definition/steps/step-05-diagram-creation.md","04941198f99fc284a5c13c7d5dede22736ceae6d8a1f06449e4a61d319ae7c16"
"md","step-05-market-segmentation","app-creator","app-creator/workflows/market-research/steps/step-05-market-segmentation.md","428f49ffd7eb9ad98c2007e4b13d8c42e83ac8a8d8aa93aa6a0072cd1a97d670"
"md","step-05-market-validation","app-creator","app-creator/workflows/idea-validation/steps/step-05-market-validation.md","f2cf7c89ad5a8622b3afa10589c966065f4442a5f0160ac77968781275834e2c"
"md","step-05-wireframing","app-creator","app-creator/workflows/design-sprint/steps/step-05-wireframing.md","63fbe472a757001fb528d0a446ffaad19fb47af48cb0ef5b8b6663b1325343a8"
"md","step-06-final-review","app-creator","app-creator/workflows/product-definition/steps/step-06-final-review.md","f0eaafc75cd59ed733bb564c2f661d49dddaac219808238c25cad476e65cb361"
"md","step-06-interface-design","app-creator","app-creator/workflows/tech-architecture/steps/step-06-interface-design.md","e5b7e7a7a2e2a33715137ace9ab5cd8ad61c4069f777232cf2a0e5e9f529c8b8"
"md","step-06-mvp-scoping","app-creator","app-creator/workflows/idea-validation/steps/step-06-mvp-scoping.md","7b17265118c6a225ba4627e1abd39d8c27122372e0ea9128f373104b4eab60af"
"md","step-06-trends-opportunities","app-creator","app-creator/workflows/market-research/steps/step-06-trends-opportunities.md","9bb9104d008b6a634d4485f14a4f18d8a233c00d20e95f7d55eee4200b1490d3"
"md","step-06-visual-design","app-creator","app-creator/workflows/design-sprint/steps/step-06-visual-design.md","92d580f201f1ff10e24597f55e91e703d0f98aee37e75efe2b71b8a8fd54e4c2"
"md","step-07-interactive-prototype","app-creator","app-creator/workflows/design-sprint/steps/step-07-interactive-prototype.md","5e89a68d180264402a9888dabcd63842992dc9b8f421f26b33cb1eea79ffe1b2"
"md","step-07-security-performance","app-creator","app-creator/workflows/tech-architecture/steps/step-07-security-performance.md","eca18f3bc2a81d9d2b2c68c140cce54e01070912fa160eabca0f63c4797763af"
"md","step-07-strategic-recommendations","app-creator","app-creator/workflows/market-research/steps/step-07-strategic-recommendations.md","0ce8d205a86fdb6676eb2cccccf186fb8b2fd7a60ca1bea43757a90ed1a6cb9f"
"md","step-08-deployment","app-creator","app-creator/workflows/mvp-implementation/steps/step-08-deployment.md","299e36cc751ddaac84d246c6028415a6eda7b2ecbb153542f34416616ca8b4d4"
"md","step-08-documentation-handoff","app-creator","app-creator/workflows/tech-architecture/steps/step-08-documentation-handoff.md","cf788d7ca18f27d351af2cb14457c560c96d450b1965d533482a360b4a40a166"
"md","tech-architecture-template","app-creator","app-creator/workflows/tech-architecture/templates/tech-architecture-template.md","30a79c6d20575ab273c5e65ac74ca304044ce3b202bd8637167c5857eeddbf47"
"md","test-script-template","app-creator","app-creator/workflows/prototyping/templates/test-script-template.md","869994124fc4ccf103ed754dd09d72105affad3a9cb7502dbb5dba3aa5f9da8c"
"md","validation-checklist","app-creator","app-creator/workflows/idea-validation/validation/validation-checklist.md","518b2113c4718155f797e0593186a07b05f14788f3d4e25c84e4a3e9989946da"
"md","validation-checklist","app-creator","app-creator/workflows/tech-architecture/validation/validation-checklist.md","fb383f7e68a68c1969e0248c3cf12be9fc3a66735759e6de0f4a0612c274db38"
"md","workflow","app-creator","app-creator/workflows/design-sprint/workflow.md","3e2c2d7d4abd2ce81d1a76f7ade9fd209347b4e7eea89c29445cdc84acb9f2a5"
"md","workflow","app-creator","app-creator/workflows/idea-validation/workflow.md","15fb059fcc657244ed23b36ba5bcae21b9b4d8c88836fa86a4d1e3cb2c232d05"
"md","workflow","app-creator","app-creator/workflows/market-research/workflow.md","a2f51a52534017173b731e385f1ba18245273ef3bf2c37c191bb73ba4c374880"
"md","workflow","app-creator","app-creator/workflows/mvp-implementation/workflow.md","8218459a1aaf7801ae7ea6c77812a051559073de6eb1958b3aa6f4e2714ee65c"
"md","workflow","app-creator","app-creator/workflows/product-definition/workflow.md","3247fbd372d98a30333056a980558da4df46d0ce64559f7d005449a3f76817d8"
"md","workflow","app-creator","app-creator/workflows/project-planning/workflow.md","732b738c1b1485fb657c37f23d180749489fc884b3e0924df0ca9aba55e2f90c"
"md","workflow","app-creator","app-creator/workflows/prototyping/workflow.md","1da8f503ccae3f4fa521da1c2186729635c06da3e43bb3f3a661b86ef4d2bece"
"md","workflow","app-creator","app-creator/workflows/tech-architecture/workflow.md","9fbd956748c923107851652f85dd2b4a53a253232cee2ea7e13fdd03c53006ce"
"md","workflow-reference","app-creator","app-creator/workflows/idea-validation/data/workflow-reference.md","462e98fe8ca060f762c237c7914b1dc61430e1f59c2a6a196bee70ba0047d307"
"yaml","alex","app-creator","app-creator/agents/alex.yaml","19fc97dafe28e6b38d7b7ebd8912dbdb2104690fdff054a44349d62fc3a15ecc"
"yaml","atlas","app-creator","app-creator/agents/atlas.yaml","2060e91f66c5e701fc2ecb5f56057da26e6b7b71a76fd12bd7b52cbde0006ce4"
"yaml","chen","app-creator","app-creator/agents/chen.yaml","2a2348d99597077d0cf3ba7efab56c5a5e50a67f45a971a0abb2d61e321f5021"
"yaml","config","app-creator","app-creator/config.yaml","a837753e6e416be509825b7ed301688f715515d01f5a8e07812bdd248382c559"
"yaml","luna","app-creator","app-creator/agents/luna.yaml","6798e27a9cd75ea155f0f16e34587bb16b03d6d0e37493e132132dc22bf60da1"
"yaml","nova","app-creator","app-creator/agents/nova.yaml","18d9276e49f0c388d0a27dc8fec40054afd3706aeae73d74d78561aa11bf61aa"
"csv","common-workflow-tools","bmb","bmb/docs/workflows/common-workflow-tools.csv","f16a0b207617fab1a3f0aa7b65f1b65d828101530daf93fd9cf4931b1c12d5ca"
"csv","communication-presets","bmb","bmb/workflows/create-agent/data/communication-presets.csv","1d40b718418c672b19700516f03479dce199fb3646ff26250536e42113a91224"
"csv","dietary-restrictions","bmb","bmb/reference/workflows/meal-prep-nutrition/data/dietary-restrictions.csv","ccde18712553d55ea63ca85d6d1f10e74086d4f47a03dec65141d4bb9942592b"
"csv","dietary-restrictions","bmb","bmb/workflows/create-agent/data/reference/workflows/meal-prep-nutrition/data/dietary-restrictions.csv","ccde18712553d55ea63ca85d6d1f10e74086d4f47a03dec65141d4bb9942592b"
"csv","kb","bmb","bmb/docs/agents/kb.csv","e3b0c44298fc1c149afbf4c8996fb92427ae41e4649b934ca495991b7852b855"
"csv","kb","bmb","bmb/docs/workflows/kb.csv","e3b0c44298fc1c149afbf4c8996fb92427ae41e4649b934ca495991b7852b855"
"csv","macro-calculator","bmb","bmb/reference/workflows/meal-prep-nutrition/data/macro-calculator.csv","6f218ae98911f5c2200a72c94cf85a45a4928a6d3208a23acf9c2e34b06e494c"
"csv","macro-calculator","bmb","bmb/workflows/create-agent/data/reference/workflows/meal-prep-nutrition/data/macro-calculator.csv","6f218ae98911f5c2200a72c94cf85a45a4928a6d3208a23acf9c2e34b06e494c"
"csv","recipe-database","bmb","bmb/reference/workflows/meal-prep-nutrition/data/recipe-database.csv","f97b38bc7405369cfd8a7d88b39708af8df2bcb9c9867313aef9e8b555291e88"
"csv","recipe-database","bmb","bmb/workflows/create-agent/data/reference/workflows/meal-prep-nutrition/data/recipe-database.csv","f97b38bc7405369cfd8a7d88b39708af8df2bcb9c9867313aef9e8b555291e88"
"js","installer.template","bmb","bmb/workflows/create-module/templates/installer.template.js","52e573290f20fbafa5030517bf5bd6c0d204f32cdac76fd1d3c4771fcc493695"
"md","agent-compilation","bmb","bmb/docs/agents/agent-compilation.md","3f732ddfec0689891c2dcd75a07154063b651b1cac89f22dd23e69aac0b8c319"
"md","agent-menu-patterns","bmb","bmb/docs/agents/agent-menu-patterns.md","281b5afa2db9e41944fe38818df5e7bd57a9f70f0d7496fff3215cb3f586769f"
"md","agent-plan.template","bmb","bmb/workflows/create-agent/templates/agent-plan.template.md","69ed1ae38c2cb73a2fe3a3da7e26842ef76d2a9f9faff2736975d2afc1c5d6b7"
"md","agent-validation-checklist","bmb","bmb/workflows/create-agent/data/agent-validation-checklist.md","7b1172ac27735a8adcd02448692b652bd6d089fdab3ea667b5bec7c724f240e9"
"md","agent.template","bmb","bmb/workflows/create-module/templates/agent.template.md","e4c0dcf00f8d1d7b1b24e630b7edede96762d3ef6981b94c06c4296d923c6d7b"
"md","architecture","bmb","bmb/docs/workflows/architecture.md","de280cfc4874fe03fe9d230c762a9c390d6c1300c37448136a539a13d31b6183"
"md","assessment-section","bmb","bmb/reference/workflows/meal-prep-nutrition/templates/assessment-section.md","9fa8380217ce2ecb29e05d4023e0e5c17c84b5880e9af92df45a57a7dc2f2fb1"
"md","assessment-section","bmb","bmb/workflows/create-agent/data/reference/workflows/meal-prep-nutrition/templates/assessment-section.md","9fa8380217ce2ecb29e05d4023e0e5c17c84b5880e9af92df45a57a7dc2f2fb1"
"md","brainstorm-context","bmb","bmb/workflows/create-agent/data/brainstorm-context.md","576d7a02935ef4e34bdc6476527b658d954bb490b8d09b09ef7e0cf58712d96f"
"md","checklist","bmb","bmb/workflows-legacy/edit-module/checklist.md","5d0db2b72253323da5ebe4482010073a98b60afb9e3198960884483b7342629f"
"md","checklist","bmb","bmb/workflows-legacy/module-brief/checklist.md","4710f9c7e48a1cb29b225d43955bf313271dc7f9bb471bfecb1a8edf5f57a10a"
"md","completion-summary","bmb","bmb/workflows/edit-workflow/templates/completion-summary.md","5fb732313bbf466c106e59c2c5d16d92be6e4f2a749fbd4f3d99415bddbeea1c"
"md","compliance-report","bmb","bmb/workflows/workflow-compliance-check/templates/compliance-report.md","01184bebdad49cc5b9a188f27b6998e7834de5c4dcdaa4f3d9f827a1b46d7037"
"md","csv-data-file-standards","bmb","bmb/docs/workflows/csv-data-file-standards.md","96fcc0e54f5607044adf0f50b10a5a74c12331b71469d5574765e635988406eb"
"md","expert-agent-architecture","bmb","bmb/docs/agents/expert-agent-architecture.md","e29ac1961aa6b7c98d45bc850c63082a027ab33e9a8ee7aff72d8964fde87826"
"md","expert-agent.template","bmb","bmb/workflows/create-agent/templates/expert-agent.template.md","654b522910208d60187cfd2160af9751d1978a8f36d3128c4f7475a8753a4d6a"
"md","improvement-goals","bmb","bmb/workflows/edit-workflow/templates/improvement-goals.md","d4f0b61a4a7327388ee23fac02e0cb3bf5fb34780f63d439aa060bc65a43fef4"
"md","improvement-log","bmb","bmb/workflows/edit-workflow/templates/improvement-log.md","3487cd5e19c56696e8c4bb92e45ee77a3f76bb70bb26509f751e39a7bdc79ca2"
"md","index","bmb","bmb/docs/agents/index.md","56b238a82146c781eff5af563b636e055442a258144dff53e2169c41a586476f"
"md","index","bmb","bmb/docs/index.md","d9fce9d88f6e6d2eea451e7f65c20f4d18886ab462099e441fae02717c2b1ff5"
"md","index","bmb","bmb/docs/workflows/index.md","2173158bd5155c24e9cd09ca94d1ac1c1d8f9aa542a63fafa57e156b324b8f15"
"md","info-and-installation-guide","bmb","bmb/workflows/create-agent/data/info-and-installation-guide.md","4a6ed038899b23c0a659c0de8bfd44979f49793a536c84cd1ab26dad44ff0ede"
"md","instructions","bmb","bmb/workflows-legacy/edit-module/instructions.md","4f28203157cf4a6b87ce932f33eef564c00da810e20d71030c9caa33c15b2dee"
"md","instructions","bmb","bmb/workflows-legacy/module-brief/instructions.md","6409d16e0fa00f82692e7e80d051a13de76e3e6af09013ea1c97e70fc6bf7038"
"md","intent-vs-prescriptive-spectrum","bmb","bmb/docs/workflows/intent-vs-prescriptive-spectrum.md","def3cd9e350556da9c602db93b2db34b9aa96d965ef51ab85499c414d4ea1564"
"md","module-plan.template","bmb","bmb/workflows/create-module/templates/module-plan.template.md","2bbdf9fbdb548f055a564ca8e4ec78ab86c2b4f33ef69689f2cd07f6d52e791d"
"md","nutrition-plan","bmb","bmb/reference/workflows/meal-prep-nutrition/templates/nutrition-plan.md","8622904f32a9de6e4a85059daa62f7a1277000df48d82b17eddfb39f25eb5a7d"
"md","nutrition-plan","bmb","bmb/workflows/create-agent/data/reference/workflows/meal-prep-nutrition/templates/nutrition-plan.md","8622904f32a9de6e4a85059daa62f7a1277000df48d82b17eddfb39f25eb5a7d"
"md","prep-schedule-section","bmb","bmb/reference/workflows/meal-prep-nutrition/templates/prep-schedule-section.md","1c770d8deb07863adee05fe91114ffe2f9b0d366d653f554c2cb39a847d3d3ed"
"md","prep-schedule-section","bmb","bmb/workflows/create-agent/data/reference/workflows/meal-prep-nutrition/templates/prep-schedule-section.md","1c770d8deb07863adee05fe91114ffe2f9b0d366d653f554c2cb39a847d3d3ed"
"md","profile-section","bmb","bmb/reference/workflows/meal-prep-nutrition/templates/profile-section.md","8f2df3ab5d41f229f401b153d54d67818e3205ef06b7ca5cfc6439f21112be74"
"md","profile-section","bmb","bmb/workflows/create-agent/data/reference/workflows/meal-prep-nutrition/templates/profile-section.md","8f2df3ab5d41f229f401b153d54d67818e3205ef06b7ca5cfc6439f21112be74"
"md","README","bmb","bmb/README.md","5bbe1c65c38fbce039ca375fd516d70594a50082bae19d4e6f66112d43898f6b"
"md","README","bmb","bmb/reference/README.md","fd0dcb1c9acd089b6855dcfc89a74c9c27e4b1637d3c2c2e8db4cde2fb1140eb"
"md","README","bmb","bmb/reference/agents/expert-examples/journal-keeper/README.md","192965d472552081c2775100c08d0c508218c82da0d52e1bf5ed7f587b6aab18"
"md","README","bmb","bmb/reference/agents/module-examples/README.md","3ff3d44c743df058e981a5fd1c39b84ba582cf047e9babdbbc89733b86d259b3"
"md","README","bmb","bmb/reference/agents/simple-examples/README.md","0de1d3738dffa9a1d400741e3777b32e2981bb091358cc5207f24951764b3e62"
"md","README","bmb","bmb/workflows/create-agent/data/reference/README.md","fd0dcb1c9acd089b6855dcfc89a74c9c27e4b1637d3c2c2e8db4cde2fb1140eb"
"md","README","bmb","bmb/workflows/create-agent/data/reference/agents/expert-examples/journal-keeper/README.md","192965d472552081c2775100c08d0c508218c82da0d52e1bf5ed7f587b6aab18"
"md","README","bmb","bmb/workflows/create-agent/data/reference/agents/module-examples/README.md","63067112739d0e2a3d7c852809131b66de69ab329e0d689db80942f3be604909"
"md","README","bmb","bmb/workflows/create-agent/data/reference/agents/simple-examples/README.md","0de1d3738dffa9a1d400741e3777b32e2981bb091358cc5207f24951764b3e62"
"md","README","bmb","bmb/workflows-legacy/edit-module/README.md","8131c966a8bd2ee74507b0c2fd335c0fd077ab5470c4649c69ba3bb88e850b4a"
"md","README","bmb","bmb/workflows-legacy/module-brief/README.md","a0d6d254b542da53a558a4dc3b05d9c65b0123cee643d9f1cc63365b5852df38"
"md","shopping-section","bmb","bmb/reference/workflows/meal-prep-nutrition/templates/shopping-section.md","8441562d59975a6126e27ef90cb20da97acacd4137b15bf47659c80838101b67"
"md","shopping-section","bmb","bmb/workflows/create-agent/data/reference/workflows/meal-prep-nutrition/templates/shopping-section.md","8441562d59975a6126e27ef90cb20da97acacd4137b15bf47659c80838101b67"
"md","simple-agent-architecture","bmb","bmb/docs/agents/simple-agent-architecture.md","0ef6c78e5474d1119cd7d72b9873ea38329ea242b4e47a65c94298dc9aa72889"
"md","simple-agent.template","bmb","bmb/workflows/create-agent/templates/simple-agent.template.md","e76a0ea7168dd0bb64a77a55cc2b7bee9e181cafea0f07ded0fb3a20e271449b"
"md","step-01-analyze","bmb","bmb/workflows/edit-workflow/steps/step-01-analyze.md","360cb56bee87bf50945034b81a13150ba7981370eeed98bede12316fc67a4267"
"md","step-01-brainstorm","bmb","bmb/workflows/create-agent/steps/step-01-brainstorm.md","9e6e9024c2f5b32832986b9598d6752be2dcdc29d0606ae19d2ced0f622a3371"
"md","step-01-discover-intent","bmb","bmb/workflows/edit-agent/steps/step-01-discover-intent.md","bd7031806d731249a2c248a00305065d6cff831c4e5d07a5b48d8b680b35b1d7"
"md","step-01-init","bmb","bmb/reference/workflows/meal-prep-nutrition/steps/step-01-init.md","8058362f48da7f2dd9e196b6464fb15f93b71041c87a51c2e6b6e7a50ae88a1a"
"md","step-01-init","bmb","bmb/workflows/create-agent/data/reference/workflows/meal-prep-nutrition/steps/step-01-init.md","eff78396b5a87634253c73162c2b0737f46c20671af513d4ff116b18191dd714"
"md","step-01-init","bmb","bmb/workflows/create-module/steps/step-01-init.md","a14251d6527708e33b94cef15bb4e742416d1896cef40c18320703a9f60fe549"
"md","step-01-init","bmb","bmb/workflows/create-workflow/steps/step-01-init.md","92187a35ac4c7e57591f5fffd47d95fe1851992f8737aa4d1343128beab6d479"
"md","step-01-init-continuable-template","bmb","bmb/docs/workflows/templates/step-01-init-continuable-template.md","ff1f7b7c225596a107c6ac009d0eecbbfe78f382fbea45a1e611ec1b305d9d6f"
"md","step-01-validate-goal","bmb","bmb/workflows/workflow-compliance-check/steps/step-01-validate-goal.md","2864a9c5e365e4db40ba94343b0f41f8520a1f5ac6051cedc968367876d62a8f"
"md","step-01b-continue","bmb","bmb/reference/workflows/meal-prep-nutrition/steps/step-01b-continue.md","2430ff5f270f529659584a78e3e96449f7cc175ab9b5d630929f7f09be66cedd"
"md","step-01b-continue","bmb","bmb/workflows/create-agent/data/reference/workflows/meal-prep-nutrition/steps/step-01b-continue.md","83b60078cbcb6bf0bef8e074d892d4f7e16464cdb0c0ad61fb7418563f3dc56a"
"md","step-01b-continue","bmb","bmb/workflows/create-module/steps/step-01b-continue.md","8e4fbea713d03792a57dd5e1cb30f48f841132789b90dae25c92faa9262a4794"
"md","step-02-analyze-agent","bmb","bmb/workflows/edit-agent/steps/step-02-analyze-agent.md","81ea03dcb391dc632f72cded18992d92fb50729394ab92ffe65c12ee46ca426e"
"md","step-02-concept","bmb","bmb/workflows/create-module/steps/step-02-concept.md","4ac4c256a08488aa93b49251343e13019ca236ce876b8bd0ee2b4b10990f482e"
"md","step-02-discover","bmb","bmb/workflows/create-agent/steps/step-02-discover.md","a706d4847e782484b0f564cae3cc1cb58d424770c1f313b57e67b89caa699ca8"
"md","step-02-discover","bmb","bmb/workflows/edit-workflow/steps/step-02-discover.md","bd20b53376643df8cb8cfdd4c6d3ef4c336593ce3e69dd77cec2992c9a3d3246"
"md","step-02-gather","bmb","bmb/workflows/create-workflow/steps/step-02-gather.md","ae9fc666783387d078201f48bc9e4ab2ecb06019ba78d3ef3974998bf4abe97e"
"md","step-02-profile","bmb","bmb/reference/workflows/meal-prep-nutrition/steps/step-02-profile.md","3ffc4d44a0a3a28341407a620a3adb04e9d6cbc12c3db3d7ddd076f2d88de47d"
"md","step-02-profile","bmb","bmb/workflows/create-agent/data/reference/workflows/meal-prep-nutrition/steps/step-02-profile.md","9ea32cc66bcdc5e3593bb0c395170003f5c184abb9d97648064a6a433306d39c"
"md","step-02-workflow-validation","bmb","bmb/workflows/workflow-compliance-check/steps/step-02-workflow-validation.md","ad29d1b369b197ff9f7639ded9efcbf01c496b546fa960c3f8798e6a3b74f224"
"md","step-03-assessment","bmb","bmb/reference/workflows/meal-prep-nutrition/steps/step-03-assessment.md","699b369ce61d9888ba66121b948258a066657651ea511ca64e8c5ce7ef896e48"
"md","step-03-assessment","bmb","bmb/workflows/create-agent/data/reference/workflows/meal-prep-nutrition/steps/step-03-assessment.md","2b2b641d468bc03b3d1f09753303bb6652eb7edc2cf83cb5c65e9666ab06332b"
"md","step-03-components","bmb","bmb/workflows/create-module/steps/step-03-components.md","1567621fcbdf9303cb3a590700d8c688e55849443452a26c8c97ae69764db3cf"
"md","step-03-improve","bmb","bmb/workflows/edit-workflow/steps/step-03-improve.md","e7c92f431fadbcd28edfe2e8405916a7fbc8ec0342414be3347220cc7509d597"
"md","step-03-persona","bmb","bmb/workflows/create-agent/steps/step-03-persona.md","d58819337d71fd9cfb7c4a50b5e48553b128f1f761fee9a4385f42226ed1d57f"
"md","step-03-propose-changes","bmb","bmb/workflows/edit-agent/steps/step-03-propose-changes.md","ab83d5ab271209343e28025f55de0f51fb7d75a5e0389258527ec910e34a91fe"
"md","step-03-step-validation","bmb","bmb/workflows/workflow-compliance-check/steps/step-03-step-validation.md","1edfdec18c182f7e86dcfe8316543153c47a881e7cd690c3223b87f7b933c401"
"md","step-03-tools-configuration","bmb","bmb/workflows/create-workflow/steps/step-03-tools-configuration.md","2ceba938beddb1e19b4c3c4be2d28c780323331985a24fa007e6248794bd7047"
"md","step-04-apply-changes","bmb","bmb/workflows/edit-agent/steps/step-04-apply-changes.md","d798b14492963c8cb7290fef845ad010ea872454b4366b0fc2bfca6815786811"
"md","step-04-commands","bmb","bmb/workflows/create-agent/steps/step-04-commands.md","ff58239ecf5538ca1ae38c9cdd0d62592b5eb3f1f6c4500dc4630feea41baf77"
"md","step-04-file-validation","bmb","bmb/workflows/workflow-compliance-check/steps/step-04-file-validation.md","43c9761cead0546e923b56a079aca027ed54a535de2c8867abd3753aaf3178c5"
"md","step-04-plan-review","bmb","bmb/workflows/create-workflow/steps/step-04-plan-review.md","75a09a932e6529d6c8b453a82172ba735c99790b0687c455a7f389d07269ab4f"
"md","step-04-strategy","bmb","bmb/reference/workflows/meal-prep-nutrition/steps/step-04-strategy.md","f18d2fdac85124729229af76c31edf1b6c612ad55dcb221ffd39bfa316910685"
"md","step-04-strategy","bmb","bmb/workflows/create-agent/data/reference/workflows/meal-prep-nutrition/steps/step-04-strategy.md","19727d6bffa826545589fbaa79ef3d6a9e08413cc312ce926e2d870a7f4df4ff"
"md","step-04-structure","bmb","bmb/workflows/create-module/steps/step-04-structure.md","8f06c7f0800f22c3868004b981524dbe2bc45ccad7505695db47466626a446d5"
"md","step-04-validate","bmb","bmb/workflows/edit-workflow/steps/step-04-validate.md","bfa6d36d3847da76014069164c31f374aac28fbf893efab9fe533684772b50fd"
"md","step-05-compliance-check","bmb","bmb/workflows/edit-workflow/steps/step-05-compliance-check.md","27e2b89468246b5f93e2e8fea572e816455ddac3452a49d97d8d602243e0a395"
"md","step-05-config","bmb","bmb/workflows/create-module/steps/step-05-config.md","bc70303e395ba83de0c041cabbc5c37460a377c0cbf91838bcdda5ee7623da0c"
"md","step-05-intent-spectrum-validation","bmb","bmb/workflows/workflow-compliance-check/steps/step-05-intent-spectrum-validation.md","45183f867f4311a1c90e286bec1180a34154c4c1eb642688903123318d213b2f"
"md","step-05-name","bmb","bmb/workflows/create-agent/steps/step-05-name.md","29edfbc66e4186bfbe67bb17f241ec917dc15dfb6453094fa091ad67c4691176"
"md","step-05-output-format-design","bmb","bmb/workflows/create-workflow/steps/step-05-output-format-design.md","600e2e25f2c6a77c53f7508dc8588659c3106e19c56a46b24f23eda1c7a18ad8"
"md","step-05-shopping","bmb","bmb/reference/workflows/meal-prep-nutrition/steps/step-05-shopping.md","f700836bf49414831b1ecf29cd729807efe34b8c13b753940d36daf223b701cc"
"md","step-05-shopping","bmb","bmb/workflows/create-agent/data/reference/workflows/meal-prep-nutrition/steps/step-05-shopping.md","83036b9dfce3cab3878802fb172aa6b74532a0c5754e4be654a432a458d36462"
"md","step-05-validate","bmb","bmb/workflows/edit-agent/steps/step-05-validate.md","2f314bafa61f41801f5e802c2724a156dcc059113c042e90743fe7ce81d2bd74"
"md","step-06-agents","bmb","bmb/workflows/create-module/steps/step-06-agents.md","07b7e93c167aa519da6dd48f7c6d599fdc2477b087d0cb2b761cf1fb91d3ed37"
"md","step-06-build","bmb","bmb/workflows/create-agent/steps/step-06-build.md","1fc68c964c252658a309e37a2d363827fe93937a2abe998820174b0271ccb994"
"md","step-06-design","bmb","bmb/workflows/create-workflow/steps/step-06-design.md","0d43bfcdc265617a8d59de3eed5e726c92affd863494a8556f94c8a4fe04a429"
"md","step-06-prep-schedule","bmb","bmb/reference/workflows/meal-prep-nutrition/steps/step-06-prep-schedule.md","f24e74a082a90d1a1f41c0fff1769b2f60336dd77aee2c05e6fee6998a65ecab"
"md","step-06-prep-schedule","bmb","bmb/workflows/create-agent/data/reference/workflows/meal-prep-nutrition/steps/step-06-prep-schedule.md","b18b331877cc7695673d7bd0fed6fcf4c0f44eb14ece43e353a2bcaf09f91519"
"md","step-06-web-subprocess-validation","bmb","bmb/workflows/workflow-compliance-check/steps/step-06-web-subprocess-validation.md","4c194ed722faed021d0b96be95445ee1ed9031a5951056583f5418450d83ace6"
"md","step-07-build","bmb","bmb/workflows/create-workflow/steps/step-07-build.md","da8be93c3e98548fa57bd99691e1438aaba5b6c8b37bdeafe7cd9e4ea59cd8af"
"md","step-07-holistic-analysis","bmb","bmb/workflows/workflow-compliance-check/steps/step-07-holistic-analysis.md","1abaf4b146f679fc222489ac974d90e4807c408b3eb2ff34f58400726d23bc54"
"md","step-07-validate","bmb","bmb/workflows/create-agent/steps/step-07-validate.md","88327ebddf0d80107eddb221d878f85de9b85707a9cd941b40251111b5d54acc"
"md","step-07-workflows","bmb","bmb/workflows/create-module/steps/step-07-workflows.md","cc553857a4e2de61ccade2b38cc98e53d34700bfb8844832efbf96a27b36f945"
"md","step-08-celebrate","bmb","bmb/workflows/create-agent/steps/step-08-celebrate.md","506eb8ff52b6cc3e7e5b469cfd400ca5e63df94b5348fec30cf2019fa556adfd"
"md","step-08-generate-report","bmb","bmb/workflows/workflow-compliance-check/steps/step-08-generate-report.md","c143bc4400ca3ae6f182bdc2186d1ffdf18dc8c2c10ec8db9db83d59d29d78af"
"md","step-08-installer","bmb","bmb/workflows/create-module/steps/step-08-installer.md","63c43671e9d832d6eb89bdfb8f0467028f75a74416abae9ea7ac58187bcdd065"
"md","step-08-review","bmb","bmb/workflows/create-workflow/steps/step-08-review.md","48e0194af3b92c615609dbebf1f6154974fc6e303f40d3bc9b0338ddb0f086ae"
"md","step-09-complete","bmb","bmb/workflows/create-workflow/steps/step-09-complete.md","e1e897ad82c21960cced791759d15f27eaae6fc8bda82623e3bc69c696a70afc"
"md","step-09-documentation","bmb","bmb/workflows/create-module/steps/step-09-documentation.md","469e8db2466b8b4add7ac3c92146450b7c635fe182d93551cb5445e4d75dd1f3"
"md","step-10-roadmap","bmb","bmb/workflows/create-module/steps/step-10-roadmap.md","545a1fe58d5af36eaceff52f617df50501fe32ede49eae4ac8e80cee2ece2c7d"
"md","step-11-validate","bmb","bmb/workflows/create-module/steps/step-11-validate.md","3f895955233767c0b9144c90ffb058fe10e1b81c8f756d1e5c40a966f4550be9"
"md","step-1b-template","bmb","bmb/docs/workflows/templates/step-1b-template.md","97dd12129529a1666f1395d721fb48af3ce40a58fed38f45dac3e6c5b7d974f9"
"md","step-file","bmb","bmb/docs/workflows/templates/step-file.md","eb694cc1c8a2a03c631e1d9d5084a490341652ab9863bd15c580b59f6784884c"
"md","step-template","bmb","bmb/docs/workflows/templates/step-template.md","dc57e45ce9ab78b6bb0d50fd35636a46962425f91531ca9645717a9f1a56d92d"
"md","strategy-section","bmb","bmb/reference/workflows/meal-prep-nutrition/templates/strategy-section.md","0d75fedb5bedc07bd0e17a63f370b011f770d3d696eb7835cc07fa4fe5a77337"
"md","strategy-section","bmb","bmb/workflows/create-agent/data/reference/workflows/meal-prep-nutrition/templates/strategy-section.md","0d75fedb5bedc07bd0e17a63f370b011f770d3d696eb7835cc07fa4fe5a77337"
"md","template","bmb","bmb/workflows-legacy/module-brief/template.md","7d1ad5ec40b06510fcbb0a3da8ea32aefa493e5b04c3a2bba90ce5685b894275"
"md","terms","bmb","bmb/docs/workflows/terms.md","4335bbc77ca4ccb6ad8baf39a553325b92c047b3cfdfa1903079ea3ebe34b91c"
"md","understanding-agent-types","bmb","bmb/docs/agents/understanding-agent-types.md","6c32f5329564afbdbc232104176165d5f10fc92052736cc6d4e545ece1afc2b9"
"md","validation","bmb","bmb/workflows/create-module/validation.md","1329fd29a8ebd11240efedc20d7c3731161649cf200086919bf8c9bdcf8a903d"
"md","validation-complete","bmb","bmb/workflows/create-agent/data/validation-complete.md","0f7dfee7d7cf50cbb87e825f24104402e3c4555fc519c41eae4ac60fb79b1b27"
"md","validation-results","bmb","bmb/workflows/edit-workflow/templates/validation-results.md","97ed6deaab6c60849fdce797ace3c7c9a2bbb63f0fb3601cbe8d47895c4b6731"
"md","workflow","bmb","bmb/docs/workflows/templates/workflow.md","f0bb89373c52d292772d75c252cb726fcc374933fb617ce8bbd542d5b03f9375"
"md","workflow","bmb","bmb/reference/workflows/meal-prep-nutrition/workflow.md","fac2b2ba577d90af60aa0b38e7da2ae3a3cdf60fa7f169e8529e0e6b129a2cdb"
"md","workflow","bmb","bmb/workflows/create-agent/data/reference/workflows/meal-prep-nutrition/workflow.md","f86fb9760bd8a77fbfa05ed782ec1526774f85e144c2f2751f7b526c23b61e2b"
"md","workflow","bmb","bmb/workflows/create-agent/workflow.md","d8f0f55b5b0c2984f1a62bc9245c6a5a90e4a3f01f28af0d2433060b2339b808"
"md","workflow","bmb","bmb/workflows/create-module/workflow.md","fe31d062a9536b65ec60ced68ea768ba5d96065df45056d63e19d86d786d8839"
"md","workflow","bmb","bmb/workflows/create-workflow/workflow.md","db416340d7227fdf4c1d848884f94d91dde70ebca2eadffaa2992935d869575e"
"md","workflow","bmb","bmb/workflows/edit-agent/workflow.md","434f0cf89090552c8fb485d8c9407cdb40d3382fae58e877cd6c84bd3dcac8b5"
"md","workflow","bmb","bmb/workflows/edit-workflow/workflow.md","0e4e4c25977ee10ba63ef7c22bf0457a15f7b1ec762f3636751937b9a31c5aad"
"md","workflow","bmb","bmb/workflows/workflow-compliance-check/workflow.md","d602f5e4aa4f9542cced3134c10ddcc1017400c241ca30181b25fbe6a1e73c64"
"md","workflow-analysis","bmb","bmb/workflows/edit-workflow/templates/workflow-analysis.md","9e2196c12fcdfbde8a074ea97a0d883cbe629c465e2b6ff52bb1619d687d6b8a"
"md","workflow-plan-template","bmb","bmb/workflows/create-module/templates/workflow-plan-template.md","2f9274926e662398103abb2393c61d1cac8db2be7b0096c0ab1ef13d93c12a3c"
"md","workflow-template","bmb","bmb/docs/workflows/templates/workflow-template.md","2b28b4978f27056ce7df4f5a3d64ffd4e829dd90e716d0a2de77affb04514bf6"
"yaml","config","bmb","bmb/config.yaml","7bc842fd30e180cc509e9d77ec59b87450d082a3d80d3140d126c7b019ec040c"
"yaml","module.template","bmb","bmb/workflows/create-module/templates/module.template.yaml","80891b6325d4fed68613b8b6833c8013b9929e17050afdff8d223a29774b9ea1"
"yaml","workflow","bmb","bmb/workflows-legacy/edit-module/workflow.yaml","44b32b4c9a96e7416c78f159def43a4e882bcc118b750db5b671761190b6e365"
"yaml","workflow","bmb","bmb/workflows-legacy/module-brief/workflow.yaml","133ac1a78624ddff17eeb26e51a29acf272fa1e5c99a385f792f9f45445db92f"
"csv","default-party","bmm","bmm/teams/default-party.csv","43209253a2e784e6b054a4ac427c9532a50d9310f6a85052d93ce975b9162156"
"csv","documentation-requirements","bmm","bmm/workflows/document-project/documentation-requirements.csv","d1253b99e88250f2130516b56027ed706e643bfec3d99316727a4c6ec65c6c1d"
"csv","domain-complexity","bmm","bmm/workflows/2-plan-workflows/prd/domain-complexity.csv","ed4d30e9fd87db2d628fb66cac7a302823ef6ebb3a8da53b9265326f10a54e11"
"csv","domain-complexity","bmm","bmm/workflows/3-solutioning/create-architecture/data/domain-complexity.csv","cb9244ed2084143146f9f473244ad9cf63d33891742b9f6fbcb6e354fa4f3a93"
"csv","project-types","bmm","bmm/workflows/2-plan-workflows/prd/project-types.csv","7a01d336e940fb7a59ff450064fd1194cdedda316370d939264a0a0adcc0aca3"
"csv","project-types","bmm","bmm/workflows/3-solutioning/create-architecture/data/project-types.csv","12343635a2f11343edb1d46906981d6f5e12b9cad2f612e13b09460b5e5106e7"
"csv","tea-index","bmm","bmm/testarch/tea-index.csv","374a8d53b5e127a9440751a02c5112c66f81bc00e2128d11d11f16d8f45292ea"
"excalidraw","workflow-method-greenfield","bmm","bmm/docs/images/workflow-method-greenfield.excalidraw","78c281ab7aae65ba453806e49e16e01852ef9c6097347171e9f11188afe45d88"
"json","excalidraw-library","bmm","bmm/workflows/excalidraw-diagrams/_shared/excalidraw-library.json","8e5079f4e79ff17f4781358423f2126a1f14ab48bbdee18fd28943865722030c"
"json","project-scan-report-schema","bmm","bmm/workflows/document-project/templates/project-scan-report-schema.json","53255f15a10cab801a1d75b4318cdb0095eed08c51b3323b7e6c236ae6b399b7"
"md","agents-guide","bmm","bmm/docs/agents-guide.md","4fc69109c429c48c6ee658226eb4e852b8ff68fc85212cbfe56545ac8184af74"
"md","api-request","bmm","bmm/testarch/knowledge/api-request.md","93ac674f645cb389aafe08ce31e53280ebc0385c59e585a199b772bb0e0651fb"
"md","architecture-decision-template","bmm","bmm/workflows/3-solutioning/create-architecture/architecture-decision-template.md","5d9adf90c28df61031079280fd2e49998ec3b44fb3757c6a202cda353e172e9f"
"md","atdd-checklist-template","bmm","bmm/workflows/testarch/atdd/atdd-checklist-template.md","b89f46efefbf08ddd4c58392023a39bd60db353a3f087b299e32be27155fa740"
"md","auth-session","bmm","bmm/testarch/knowledge/auth-session.md","b2ee00c5650655311ff54d20dcd6013afb5b280a66faa8336f9fb810436f1aab"
"md","bmad-quick-flow","bmm","bmm/docs/bmad-quick-flow.md","ba820c44cb7bb32b8005b3dc4d771fe21cfe4d91185a5ff2a39c02d8cbf73aeb"
"md","brownfield-guide","bmm","bmm/docs/brownfield-guide.md","26e2cea91f6f890edcddaf615d2decf8650cdd8bce8a7607000f99b4826c507b"
"md","burn-in","bmm","bmm/testarch/knowledge/burn-in.md","5ba3d2abe6b961e5bc3948ab165e801195bff3ee6e66569c00c219b484aa4b5d"
"md","checklist","bmm","bmm/workflows/4-implementation/code-review/checklist.md","e30d2890ba5c50777bbe04071f754e975a1d7ec168501f321a79169c4201dd28"
"md","checklist","bmm","bmm/workflows/4-implementation/correct-course/checklist.md","d3d30482c5e82a84c15c10dacb50d960456e98cfc5a8ddc11b54e14f3a850029"
"md","checklist","bmm","bmm/workflows/4-implementation/create-story/checklist.md","3eacc5cfd6726ab0ea0ba8fe56d9bdea466964e6cc35ed8bfadeb84307169bdc"
"md","checklist","bmm","bmm/workflows/4-implementation/dev-story/checklist.md","630b68c6824a8785003a65553c1f335222b17be93b1bd80524c23b38bde1d8af"
"md","checklist","bmm","bmm/workflows/4-implementation/sprint-planning/checklist.md","80b10aedcf88ab1641b8e5f99c9a400c8fd9014f13ca65befc5c83992e367dd7"
"md","checklist","bmm","bmm/workflows/document-project/checklist.md","2f1edb9e5e0b003f518b333ae842f344ff94d4dda7df07ba7f30c5b066013a68"
"md","checklist","bmm","bmm/workflows/excalidraw-diagrams/create-dataflow/checklist.md","f420aaf346833dfda5454ffec9f90a680e903453bcc4d3e277d089e6781fec55"
"md","checklist","bmm","bmm/workflows/excalidraw-diagrams/create-diagram/checklist.md","6357350a6e2237c1b819edd8fc847e376192bf802000cb1a4337c9584fc91a18"
"md","checklist","bmm","bmm/workflows/excalidraw-diagrams/create-flowchart/checklist.md","45aaf882b8e9a1042683406ae2cfc0b23d3d39bd1dac3ddb0778d5b7165f7047"
"md","checklist","bmm","bmm/workflows/excalidraw-diagrams/create-wireframe/checklist.md","588f9354bf366c173aa261cf5a8b3a87c878ea72fd2c0f8088c4b3289e984641"
"md","checklist","bmm","bmm/workflows/testarch/atdd/checklist.md","d86b1718207a7225e57bc9ac281dc78f22806ac1bfdb9d770ac5dccf7ed8536b"
"md","checklist","bmm","bmm/workflows/testarch/automate/checklist.md","3a8f47b83ad8eff408f7126f7729d4b930738bf7d03b0caea91d1ef49aeb19ee"
"md","checklist","bmm","bmm/workflows/testarch/ci/checklist.md","dfb1ffff2028566d8f0e46a15024d407df5a5e1fad253567f56ee2903618d419"
"md","checklist","bmm","bmm/workflows/testarch/framework/checklist.md","16cc3aee710abb60fb85d2e92f0010b280e66b38fac963c0955fb36e7417103a"
"md","checklist","bmm","bmm/workflows/testarch/nfr-assess/checklist.md","1f070e990c0778b2066f05c31f94c9ddcb97a695e7ae8322b4f487f75fe62d57"
"md","checklist","bmm","bmm/workflows/testarch/test-design/checklist.md","f7ac96d3c61500946c924e1c1924f366c3feae23143c8d130f044926365096e1"
"md","checklist","bmm","bmm/workflows/testarch/test-review/checklist.md","e39f2fb9c2dbfd158e5b5c1602fd15d5dbd3b0f0616d171e0551c356c92416f9"
"md","checklist","bmm","bmm/workflows/testarch/trace/checklist.md","c67b2a1ee863c55b95520db0bc9c1c0a849afee55f96733a08bb2ec55f40ad70"
"md","ci-burn-in","bmm","bmm/testarch/knowledge/ci-burn-in.md","4cdcf7b576dae8b5cb591a6fad69674f65044a0dc72ea57d561623dac93ec475"
"md","component-tdd","bmm","bmm/testarch/knowledge/component-tdd.md","88bd1f9ca1d5bcd1552828845fe80b86ff3acdf071bac574eda744caf7120ef8"
"md","contract-testing","bmm","bmm/testarch/knowledge/contract-testing.md","d8f662c286b2ea4772213541c43aebef006ab6b46e8737ebdc4a414621895599"
"md","data-factories","bmm","bmm/testarch/knowledge/data-factories.md","d7428fe7675da02b6f5c4c03213fc5e542063f61ab033efb47c1c5669b835d88"
"md","deep-dive-instructions","bmm","bmm/workflows/document-project/workflows/deep-dive-instructions.md","8cb3d32d7685e5deff4731c2003d30b4321ef6c29247b3ddbe672c185e022604"
"md","deep-dive-template","bmm","bmm/workflows/document-project/templates/deep-dive-template.md","6198aa731d87d6a318b5b8d180fc29b9aa53ff0966e02391c17333818e94ffe9"
"md","documentation-standards","bmm","bmm/data/documentation-standards.md","fc26d4daff6b5a73eb7964eacba6a4f5cf8f9810a8c41b6949c4023a4176d853"
"md","email-auth","bmm","bmm/testarch/knowledge/email-auth.md","43f4cc3138a905a91f4a69f358be6664a790b192811b4dfc238188e826f6b41b"
"md","enterprise-agentic-development","bmm","bmm/docs/enterprise-agentic-development.md","4f524577d6a2e76023916cf53d514dbe07cf1f092203016d43161b9622cb3741"
"md","epics-template","bmm","bmm/workflows/3-solutioning/create-epics-and-stories/templates/epics-template.md","b8ec5562b2a77efd80c40eba0421bbaab931681552e5a0ff01cd93902c447ff7"
"md","error-handling","bmm","bmm/testarch/knowledge/error-handling.md","8a314eafb31e78020e2709d88aaf4445160cbefb3aba788b62d1701557eb81c1"
"md","faq","bmm","bmm/docs/faq.md","69e4a2ee8701e6c7b1618d2ad2f901095d52b2e705eddc1f4e750d2158e51cf7"
"md","feature-flags","bmm","bmm/testarch/knowledge/feature-flags.md","f6db7e8de2b63ce40a1ceb120a4055fbc2c29454ad8fca5db4e8c065d98f6f49"
"md","file-utils","bmm","bmm/testarch/knowledge/file-utils.md","e0d4e98ca6ec32035ae07a14880c65ab99298e9240404d27a05788c974659e8b"
"md","fixture-architecture","bmm","bmm/testarch/knowledge/fixture-architecture.md","a3b6c1bcaf5e925068f3806a3d2179ac11dde7149e404bc4bb5602afb7392501"
"md","fixtures-composition","bmm","bmm/testarch/knowledge/fixtures-composition.md","8e57a897663a272fd603026aeec76941543c1e09d129e377846726fd405f3a5a"
"md","full-scan-instructions","bmm","bmm/workflows/document-project/workflows/full-scan-instructions.md","6c6e0d77b33f41757eed8ebf436d4def69cd6ce412395b047bf5909f66d876aa"
"md","glossary","bmm","bmm/docs/glossary.md","b58d0ca4dfea78372fcd4e904f8a3dc0f222900dfb1b4e51aa36c997264cf6f0"
"md","index","bmm","bmm/docs/index.md","261b940a39646fb290aaac293efa30b2b2ef80bab5292ff29bcb4f2194c77eea"
"md","index-template","bmm","bmm/workflows/document-project/templates/index-template.md","42c8a14f53088e4fda82f26a3fe41dc8a89d4bcb7a9659dd696136378b64ee90"
"md","instructions","bmm","bmm/workflows/4-implementation/correct-course/instructions.md","bd56efff69b1c72fbd835cbac68afaac043cf5004d021425f52935441a3c779d"
"md","instructions","bmm","bmm/workflows/4-implementation/retrospective/instructions.md","8f92b6b5b2c475cdb6f84e08dcdff5607248e76d627712e01ddcd55c0c0cb329"
"md","instructions","bmm","bmm/workflows/4-implementation/sprint-planning/instructions.md","8ac972eb08068305223e37dceac9c3a22127062edae2692f95bc16b8dbafa046"
"md","instructions","bmm","bmm/workflows/4-implementation/sprint-status/instructions.md","8f883c7cf59460012b855465c7cbc896f0820afb11031c2b1b3dd514ed9f4b63"
"md","instructions","bmm","bmm/workflows/bmad-quick-flow/create-tech-spec/instructions.md","ff42165eea4e8d15a2b1d4b2722f585819b602c813b6bb1d1692a126c4e49cfc"
"md","instructions","bmm","bmm/workflows/document-project/instructions.md","faba39025e187c6729135eccf339ec1e08fbdc34ad181583de8161d3d805aaaf"
"md","instructions","bmm","bmm/workflows/excalidraw-diagrams/create-dataflow/instructions.md","e43d05aaf6a1e881ae42e73641826b70e27ea91390834901f18665b524bbff77"
"md","instructions","bmm","bmm/workflows/excalidraw-diagrams/create-diagram/instructions.md","5d41c1e5b28796f6844645f3c1e2e75bb80f2e1576eb2c1f3ba2894cbf4a65e8"
"md","instructions","bmm","bmm/workflows/excalidraw-diagrams/create-flowchart/instructions.md","9647360dc08e6e8dcbb634620e8a4247add5b22fad7a3bd13ef79683f31b9d77"
"md","instructions","bmm","bmm/workflows/excalidraw-diagrams/create-wireframe/instructions.md","d0ddbb8f4235b28af140cc7b5210c989b4b126f973eb539e216ab10d4bbc2410"
"md","instructions","bmm","bmm/workflows/testarch/atdd/instructions.md","8b22d80ff61fd90b4f8402d5b5ab69d01a2c9f00cc4e1aa23aef49720db9254b"
"md","instructions","bmm","bmm/workflows/testarch/automate/instructions.md","6611e6abc114f68c16f3121dc2c2a2dcfefc355f857099b814b715f6d646a81c"
"md","instructions","bmm","bmm/workflows/testarch/ci/instructions.md","8cc49d93e549eb30952320b1902624036d23e92a6bbaf3f012d2a18dc67a9141"
"md","instructions","bmm","bmm/workflows/testarch/framework/instructions.md","902212128052de150753ce0cabb9be0423da782ba280c3b5c198bc16e8ae7eb3"
"md","instructions","bmm","bmm/workflows/testarch/nfr-assess/instructions.md","6a4ef0830a65e96f41e7f6f34ed5694383e0935a46440c77a4a29cbfbd5f75f9"
"md","instructions","bmm","bmm/workflows/testarch/test-design/instructions.md","b332c20fbc8828b2ebd34aad2f36af88ce1ce1d8a8c7c29412329c9f8884de9a"
"md","instructions","bmm","bmm/workflows/testarch/test-review/instructions.md","f1dfb61f7a7d9e584d398987fdcb8ab27b4835d26b6a001ca4611b8a3da4c32d"
"md","instructions","bmm","bmm/workflows/testarch/trace/instructions.md","233cfb6922fe0f7aaa3512fcda08017b0f89de663f66903474b0abf2e1d01614"
"md","instructions","bmm","bmm/workflows/workflow-status/init/instructions.md","1756a94b8dbb365b920e3911cffef4ca844484e5f817996a1994e36e62bd8ce8"
"md","instructions","bmm","bmm/workflows/workflow-status/instructions.md","97a6a61b1b392b5fb945c2d21d9fd2ac1e1c725658b0137467c3f8b3fb6804c4"
"md","intercept-network-call","bmm","bmm/testarch/knowledge/intercept-network-call.md","fb551cb0cefe3c062c28ae255a121aaae098638ec35a16fcdba98f670887ab6a"
"md","log","bmm","bmm/testarch/knowledge/log.md","b6267716ccbe6f9e2cc1b2b184501faeb30277bc8546206a66f31500c52381d0"
"md","network-error-monitor","bmm","bmm/testarch/knowledge/network-error-monitor.md","0380eb6df15af0a136334ad00cf44c92c779f311b07231f5aa6230e198786799"
"md","network-first","bmm","bmm/testarch/knowledge/network-first.md","2920e58e145626f5505bcb75e263dbd0e6ac79a8c4c2ec138f5329e06a6ac014"
"md","network-recorder","bmm","bmm/testarch/knowledge/network-recorder.md","9f120515cc377c4c500ec0b5fff0968666a9a4edee03a328d92514147d50f073"
"md","nfr-criteria","bmm","bmm/testarch/knowledge/nfr-criteria.md","e63cee4a0193e4858c8f70ff33a497a1b97d13a69da66f60ed5c9a9853025aa1"
"md","nfr-report-template","bmm","bmm/workflows/testarch/nfr-assess/nfr-report-template.md","229bdabe07577d24679eb9d42283b353dbde21338157188d8f555fdef200b91c"
"md","overview","bmm","bmm/testarch/knowledge/overview.md","79a12311d706fe55c48f72ef51c662c6f61a54651b3b76a3c7ccc87de6ebbf03"
"md","party-mode","bmm","bmm/docs/party-mode.md","9f42ef2dbf155931891dd321eaa8786624cdc5253917bd83b7fa68a6e63daad5"
"md","playwright-config","bmm","bmm/testarch/knowledge/playwright-config.md","42516511104a7131775f4446196cf9e5dd3295ba3272d5a5030660b1dffaa69f"
"md","prd-template","bmm","bmm/workflows/2-plan-workflows/prd/prd-template.md","77e54c1f7e16986be40c8ff411e954894492ef678fd21f310dd77e62d87b5315"
"md","probability-impact","bmm","bmm/testarch/knowledge/probability-impact.md","446dba0caa1eb162734514f35366f8c38ed3666528b0b5e16c7f03fd3c537d0f"
"md","product-brief.template","bmm","bmm/workflows/1-analysis/create-product-brief/product-brief.template.md","ae0f58b14455efd75a0d97ba68596a3f0b58f350cd1a0ee5b1af69540f949781"
"md","project-context-template","bmm","bmm/data/project-context-template.md","34421aed3e0ad921dc0c0080297f3a2299735b00a25351de589ada99dae56559"
"md","project-context-template","bmm","bmm/workflows/generate-project-context/project-context-template.md","54e351394ceceb0ac4b5b8135bb6295cf2c37f739c7fd11bb895ca16d79824a5"
"md","project-overview-template","bmm","bmm/workflows/document-project/templates/project-overview-template.md","a7c7325b75a5a678dca391b9b69b1e3409cfbe6da95e70443ed3ace164e287b2"
"md","quick-flow-solo-dev","bmm","bmm/docs/quick-flow-solo-dev.md","3cbb54cbb090bf1cdad01f747289ebdf4bbdfdd3ffa5633d8d1c91393d124ba4"
"md","quick-spec-flow","bmm","bmm/docs/quick-spec-flow.md","105d027fd633e782e6f6fa96fb9d8917f7a96e26698650a5d12c67126bbf7be7"
"md","quick-start","bmm","bmm/docs/quick-start.md","ce51d20d685b745a4addfebcf507b1272f15bff829cacd0060ae6b0c25ba8da5"
"md","readiness-report-template","bmm","bmm/workflows/3-solutioning/check-implementation-readiness/templates/readiness-report-template.md","0da97ab1e38818e642f36dc0ef24d2dae69fc6e0be59924dc2dbf44329738ff6"
"md","README","bmm","bmm/README.md","b8ecaf85ec51d8baec3a933f5c163772b6b71ca6a612fdad0e9f09d21f601a70"
"md","README","bmm","bmm/data/README.md","352c44cff4dd0e5a90cdf6781168ceb57f5a78eaabddcd168433d8784854e4fb"
"md","README","bmm","bmm/docs/images/README.md","53f8c4c5bc7c499332df10683dc7a2fdd9b086304f422def938fed70ffb2ef23"
"md","recurse","bmm","bmm/testarch/knowledge/recurse.md","19056fb5b7e5e626aad81277b3e5eec333f2aed36a17aea6c7d8714a5460c8b2"
"md","research.template","bmm","bmm/workflows/1-analysis/research/research.template.md","507bb6729476246b1ca2fca4693986d286a33af5529b6cd5cb1b0bb5ea9926ce"
"md","risk-governance","bmm","bmm/testarch/knowledge/risk-governance.md","2fa2bc3979c4f6d4e1dec09facb2d446f2a4fbc80107b11fc41cbef2b8d65d68"
"md","scale-adaptive-system","bmm","bmm/docs/scale-adaptive-system.md","cf3f885c9822ec7a5740cc7bc7597c58a3d2c22d8b20342a8bc8d7397ef4c1f1"
"md","selective-testing","bmm","bmm/testarch/knowledge/selective-testing.md","c14c8e1bcc309dbb86a60f65bc921abf5a855c18a753e0c0654a108eb3eb1f1c"
"md","selector-resilience","bmm","bmm/testarch/knowledge/selector-resilience.md","a55c25a340f1cd10811802665754a3f4eab0c82868fea61fea9cc61aa47ac179"
"md","source-tree-template","bmm","bmm/workflows/document-project/templates/source-tree-template.md","109bc335ebb22f932b37c24cdc777a351264191825444a4d147c9b82a1e2ad7a"
"md","step-01-discover","bmm","bmm/workflows/generate-project-context/steps/step-01-discover.md","a0506a143dca0e4b54ea2c2d02e88087c86fa81dae7ce0e7f20ca9ac8364342e"
"md","step-01-document-discovery","bmm","bmm/workflows/3-solutioning/check-implementation-readiness/steps/step-01-document-discovery.md","996b1e711c8f7965f15dc162e0cca970eb6e851aba43ae446fdebdd4d549dca1"
"md","step-01-init","bmm","bmm/workflows/1-analysis/create-product-brief/steps/step-01-init.md","f8c76ea57beaa57894609138f8ed2f9b9e4861a5ba40914d94991cca60ae797d"
"md","step-01-init","bmm","bmm/workflows/1-analysis/research/domain-steps/step-01-init.md","c880668be8190af4db0df42cf1609097c747478b048b6ba2554fc7044444a3b3"
"md","step-01-init","bmm","bmm/workflows/1-analysis/research/market-steps/step-01-init.md","e47f961651ad449964cbbd16f39f0a34b2e7ffa0da7e9d06a8a361329e2d7ba1"
"md","step-01-init","bmm","bmm/workflows/1-analysis/research/technical-steps/step-01-init.md","4d6ed6afc591c556dda2284265960cf74ea7e8c4d65108edb3278043fc915ef1"
"md","step-01-init","bmm","bmm/workflows/2-plan-workflows/create-ux-design/steps/step-01-init.md","fb56f5e048c7b5d58526be0b384c8322d1103140ad7c92eda743c43094adcb4f"
"md","step-01-init","bmm","bmm/workflows/2-plan-workflows/prd/steps/step-01-init.md","8dcbe07f80a7baa8b0c86bc7969c2805c7f2dbeed7949cf239d7f092d54fb316"
"md","step-01-init","bmm","bmm/workflows/3-solutioning/create-architecture/steps/step-01-init.md","9b94ea14c1444cc0077e19aade32784edc090363b6ecc5eef2323db4a01663ba"
"md","step-01-mode-detection","bmm","bmm/workflows/bmad-quick-flow/quick-dev/steps/step-01-mode-detection.md","7d8e0016ac16645d4783c57c4c211c9ff0d2d00c58e19cf90775c580f4a653d3"
"md","step-01-validate-prerequisites","bmm","bmm/workflows/3-solutioning/create-epics-and-stories/steps/step-01-validate-prerequisites.md","b77674a62eb044079c46b1505186faf6f8c293230d0d2b6236f81ed742198a9e"
"md","step-01b-continue","bmm","bmm/workflows/1-analysis/create-product-brief/steps/step-01b-continue.md","42a4d41f3a521b8ffc73deb9cf24e1b8e6f09aa95c1ee78c966e2dec4d40424a"
"md","step-01b-continue","bmm","bmm/workflows/2-plan-workflows/create-ux-design/steps/step-01b-continue.md","e897baf661717873e781abfea7b0f30dc0fc5668e8dfb87511f8d848e4429e78"
"md","step-01b-continue","bmm","bmm/workflows/2-plan-workflows/prd/steps/step-01b-continue.md","bab319a701f91e148fc724403addf0fd32e8c0cce8821fca34e6fd01853fec98"
"md","step-01b-continue","bmm","bmm/workflows/3-solutioning/create-architecture/steps/step-01b-continue.md","4188f4abe9674b83108571317f8be8e35fc95d51d156397827dded6ef7429213"
"md","step-02-context","bmm","bmm/workflows/3-solutioning/create-architecture/steps/step-02-context.md","b655c8bee5e050030d25a37d54f9b9d80819fc9ea35925298c12c4c8b27dac19"
"md","step-02-context-gathering","bmm","bmm/workflows/bmad-quick-flow/quick-dev/steps/step-02-context-gathering.md","8de307668f74892657c2b09f828a3b626b62a479fb72c0280c68ed0e25803896"
"md","step-02-customer-behavior","bmm","bmm/workflows/1-analysis/research/market-steps/step-02-customer-behavior.md","fb25681e5e731736df99f7a3cc3ecf3181d8faea0a872fb5b5d3bdc3d98c3266"
"md","step-02-customer-insights","bmm","bmm/workflows/1-analysis/research/market-steps/step-02-customer-insights.md","3c516f4958f55f9732838238a45948987a7a88cab14c9c469f5d03a1f5b4a375"
"md","step-02-design-epics","bmm","bmm/workflows/3-solutioning/create-epics-and-stories/steps/step-02-design-epics.md","3230a10767c6209556038caadb0b313f20dcc050cd365cb1e0a249391aaa9c52"
"md","step-02-discovery","bmm","bmm/workflows/2-plan-workflows/create-ux-design/steps/step-02-discovery.md","23ec9acb00c36fd3335e5ae1454281cc753c8a36a611aeb0032b4e80364edeb2"
"md","step-02-discovery","bmm","bmm/workflows/2-plan-workflows/prd/steps/step-02-discovery.md","5c0ea0a94227fee583e822312e231c181744f50cf13276b38c31198401a6ad05"
"md","step-02-domain-analysis","bmm","bmm/workflows/1-analysis/research/domain-steps/step-02-domain-analysis.md","f0281c46b50151af72d28bf71fbf70e451b89b01dd1e0607d5c4c8d45a9fe9a3"
"md","step-02-generate","bmm","bmm/workflows/generate-project-context/steps/step-02-generate.md","d50d349ae0c5ea8d468c6d2c4165f19b539bea4c82a75221a22d737a7a7548a8"
"md","step-02-prd-analysis","bmm","bmm/workflows/3-solutioning/check-implementation-readiness/steps/step-02-prd-analysis.md","810da0e16d516204ed660b4c610f157b2d6bd6a70728ecfe70b382ec011a60cc"
"md","step-02-technical-overview","bmm","bmm/workflows/1-analysis/research/technical-steps/step-02-technical-overview.md","dfef6c9c0054dbf4a9faf43a7f577a0296a69ab1a1e2fe9aa64affdad3dee84b"
"md","step-02-vision","bmm","bmm/workflows/1-analysis/create-product-brief/steps/step-02-vision.md","6480ae69db1b774af807e1262eeb1d5d0bf70e811c2fea0c349250ebe885c324"
"md","step-03-competitive-landscape","bmm","bmm/workflows/1-analysis/research/domain-steps/step-03-competitive-landscape.md","bdb6b7ad4157c50fe5cb7b87aaa332a32f2581468afda783dec77efb1761805d"
"md","step-03-complete","bmm","bmm/workflows/generate-project-context/steps/step-03-complete.md","d64001850546d3776e6d2c6b652eed4060382eea6b57994fceaef791e3026d9e"
"md","step-03-core-experience","bmm","bmm/workflows/2-plan-workflows/create-ux-design/steps/step-03-core-experience.md","8171a34ea6335962b5c32b4245deed502fde22c2d128ca84a4cacbbb152b317b"
"md","step-03-create-stories","bmm","bmm/workflows/3-solutioning/create-epics-and-stories/steps/step-03-create-stories.md","225f0adf188e9cdda100d722dccbb56f46a63e94e5e27ee6dd359379d72fecb0"
"md","step-03-customer-pain-points","bmm","bmm/workflows/1-analysis/research/market-steps/step-03-customer-pain-points.md","63f5e16bf31da6a377812744fcc03fc886e6e84f30685d383836c688466049ff"
"md","step-03-epic-coverage-validation","bmm","bmm/workflows/3-solutioning/check-implementation-readiness/steps/step-03-epic-coverage-validation.md","ab9c45ae88620b2a13c4411097d623d3bc47ee42fecda9aacbb7d768d3fd47f2"
"md","step-03-execute","bmm","bmm/workflows/bmad-quick-flow/quick-dev/steps/step-03-execute.md","dc340c8c7ac0819ae8442c3838e0ea922656ad7967ea110a8bf0ff80972d570a"
"md","step-03-integration-patterns","bmm","bmm/workflows/1-analysis/research/technical-steps/step-03-integration-patterns.md","516d5543ebe5f9004dc6ff7e09428704cbb85baf5aa33f2693d57515f43cc43e"
"md","step-03-starter","bmm","bmm/workflows/3-solutioning/create-architecture/steps/step-03-starter.md","e28014a7c4989020747636ff0a932cc0ddbfd3536ee10149e2f98640a3454fd5"
"md","step-03-success","bmm","bmm/workflows/2-plan-workflows/prd/steps/step-03-success.md","90e92e1eb933136177fbb1c3c580d3595e04b28c556ceed174c902d079590f26"
"md","step-03-users","bmm","bmm/workflows/1-analysis/create-product-brief/steps/step-03-users.md","3eb7e35e384b34d4bcb96d5036f006f6c11b1c70d77def171571b6b8ba5ff284"
"md","step-04-architectural-patterns","bmm","bmm/workflows/1-analysis/research/technical-steps/step-04-architectural-patterns.md","9e7d6107622625fa95ad2de6cbfdeb6b52864e78a4dcf3707d1f6202c53c4851"
"md","step-04-customer-decisions","bmm","bmm/workflows/1-analysis/research/market-steps/step-04-customer-decisions.md","79b952a9d41819dfd448a058525450e7894a8d6bf15dbbbcfd60d6698c24db94"
"md","step-04-decisions","bmm","bmm/workflows/3-solutioning/create-architecture/steps/step-04-decisions.md","d1b5f9a9731edec83d33e2342477321766dcc6e7a2333775428606d302793a53"
"md","step-04-emotional-response","bmm","bmm/workflows/2-plan-workflows/create-ux-design/steps/step-04-emotional-response.md","295c42d427e933c3d90fae4208555fff6aa980140907aabc6a800004405bcdac"
"md","step-04-final-validation","bmm","bmm/workflows/3-solutioning/create-epics-and-stories/steps/step-04-final-validation.md","94a6f4de0dbfa9b04e9cab32d48ce33f954ec89e2cae2f5de7dda532ea6c660b"
"md","step-04-journeys","bmm","bmm/workflows/2-plan-workflows/prd/steps/step-04-journeys.md","259b6dfc344996e62e0e5533e6f1872a4ebeba8e7f61111abb49a4e96c1c6fed"
"md","step-04-metrics","bmm","bmm/workflows/1-analysis/create-product-brief/steps/step-04-metrics.md","1388df4b38073eeeddcc2c53d9d5721c748ba14445837939deeb57b84edf06a1"
"md","step-04-regulatory-focus","bmm","bmm/workflows/1-analysis/research/domain-steps/step-04-regulatory-focus.md","6fd786eb13f598569dca4e1b75f9d21b9be97721219c89743c08d7f7779c9c26"
"md","step-04-self-check","bmm","bmm/workflows/bmad-quick-flow/quick-dev/steps/step-04-self-check.md","444c02d8f57cd528729c51d77abf51ca8918ac5c65f3dcf269b21784f5f6920c"
"md","step-04-ux-alignment","bmm","bmm/workflows/3-solutioning/check-implementation-readiness/steps/step-04-ux-alignment.md","368baa4359eed216301a0fcaa2ca4571bf78fc0a94a6d344e01ef9e295885427"
"md","step-05-adversarial-review","bmm","bmm/workflows/bmad-quick-flow/quick-dev/steps/step-05-adversarial-review.md","688d132f4c22973b4bde13e8a7f74691a0abea90df524f163cdd6e36800bda00"
"md","step-05-competitive-analysis","bmm","bmm/workflows/1-analysis/research/market-steps/step-05-competitive-analysis.md","5e6053df3323fdb561871881989d33e696fd43270cfed98c0064e409031f42b4"
"md","step-05-domain","bmm","bmm/workflows/2-plan-workflows/prd/steps/step-05-domain.md","96f69467e4eb291f00eddb140e7f0dfe4663ef2d5efc2bb355394ff7636b849c"
"md","step-05-epic-quality-review","bmm","bmm/workflows/3-solutioning/check-implementation-readiness/steps/step-05-epic-quality-review.md","7d4b1a887036bcb6d830c8285981dc11d4224d10198e0efc4af47881cb1e9482"
"md","step-05-implementation-research","bmm","bmm/workflows/1-analysis/research/technical-steps/step-05-implementation-research.md","f8067535a667f5e367e85844599ef92848872bdb57bff1dfcdad3aefb1c6512a"
"md","step-05-inspiration","bmm","bmm/workflows/2-plan-workflows/create-ux-design/steps/step-05-inspiration.md","ce5a9fb42dd1476ef652db7e8d1953e6259a23fefab165dd70d6506df8c68e03"
"md","step-05-patterns","bmm","bmm/workflows/3-solutioning/create-architecture/steps/step-05-patterns.md","fe0e0e1a15e76fc67a38ab6a4466dda92415a181383c43d95b0607fccf36da5e"
"md","step-05-scope","bmm","bmm/workflows/1-analysis/create-product-brief/steps/step-05-scope.md","1cbdcf2eecaaa934c410e00fe971538085cbb666a0ab42d6134980308aa73425"
"md","step-05-technical-trends","bmm","bmm/workflows/1-analysis/research/domain-steps/step-05-technical-trends.md","4923fbc706e69ff2fdff372284e103ad1db5c9ed7486a77a00f9c494a90966a6"
"md","step-06-complete","bmm","bmm/workflows/1-analysis/create-product-brief/steps/step-06-complete.md","06487341c692b2c568174231a6fdfae7553f7977978f7e074cb80849985d89bd"
"md","step-06-design-system","bmm","bmm/workflows/2-plan-workflows/create-ux-design/steps/step-06-design-system.md","973c6af05561a75d5a2a4752cacec243a3a4ddc8489fda9f32759b73ea00c991"
"md","step-06-final-assessment","bmm","bmm/workflows/3-solutioning/check-implementation-readiness/steps/step-06-final-assessment.md","df87cbc28951d8e505bf4f3f90e546ce0aef20b2b258270d023eca6907d266b8"
"md","step-06-innovation","bmm","bmm/workflows/2-plan-workflows/prd/steps/step-06-innovation.md","b0f871079cf847e56f53de9a52094ff1fd212ee3e720d4c8509a0e8fd8a59619"
"md","step-06-research-completion","bmm","bmm/workflows/1-analysis/research/market-steps/step-06-research-completion.md","72d52d60cb2eb00402b96f64f3d44f252326f6b7c713dfe73c6a055325919f18"
"md","step-06-research-synthesis","bmm","bmm/workflows/1-analysis/research/domain-steps/step-06-research-synthesis.md","b8c29bb261f3cfe2ec06d69c4c2fbce4fb945f628168143d33667a5295648b49"
"md","step-06-research-synthesis","bmm","bmm/workflows/1-analysis/research/technical-steps/step-06-research-synthesis.md","78d3cdb130563cf819baf397bdc8dd27159264be74d86d3ec83795aa78bffde3"
"md","step-06-resolve-findings","bmm","bmm/workflows/bmad-quick-flow/quick-dev/steps/step-06-resolve-findings.md","ad5d90b4f753fec9d2ba6065cbf4e5fa6ef07b013504a573a0edea5dcc16e180"
"md","step-06-structure","bmm","bmm/workflows/3-solutioning/create-architecture/steps/step-06-structure.md","de9cd6652b6aa3e7a7e5c7d0f602697837e7f786d07b1570d8c478eef47772e9"
"md","step-07-defining-experience","bmm","bmm/workflows/2-plan-workflows/create-ux-design/steps/step-07-defining-experience.md","b7f64ce2eaec847f2f5f0b6fa212c15e45bc42ceedc5f73ca03da36e3f452655"
"md","step-07-project-type","bmm","bmm/workflows/2-plan-workflows/prd/steps/step-07-project-type.md","7ea12686fc1ee3ca09de1f530ada648684423b777a81daf1c421ca17bf192372"
"md","step-07-validation","bmm","bmm/workflows/3-solutioning/create-architecture/steps/step-07-validation.md","3ecf76f8ef76a54aba15f7bbf644f5190cc121c6afae2e8d7d5031c6acbcd345"
"md","step-08-complete","bmm","bmm/workflows/3-solutioning/create-architecture/steps/step-08-complete.md","dc6ed222655460f804d7c529a8657e3ea297e36b70ca387f7c3cbd592e733790"
"md","step-08-scoping","bmm","bmm/workflows/2-plan-workflows/prd/steps/step-08-scoping.md","256156b1c0799bff65be7db07560dbd5a5de0df77410829ab931d70c6b13eddd"
"md","step-08-visual-foundation","bmm","bmm/workflows/2-plan-workflows/create-ux-design/steps/step-08-visual-foundation.md","6c5c4dc11eea69c52055b9484aebe429ea228750cc8c0f93a8fac33fc1efd689"
"md","step-09-design-directions","bmm","bmm/workflows/2-plan-workflows/create-ux-design/steps/step-09-design-directions.md","0ce43aa38cad69a311900295d0696d071d4f3b11b561261a3921d774de5cb3d3"
"md","step-09-functional","bmm","bmm/workflows/2-plan-workflows/prd/steps/step-09-functional.md","53c3dd42db07e8269393a3ee5e9e0b14e4d3b443d737e8cfd298d8610c30bb04"
"md","step-10-nonfunctional","bmm","bmm/workflows/2-plan-workflows/prd/steps/step-10-nonfunctional.md","275ec5254f9328dd9e26d399fda157739562e83b31d947cc192efa46405560d0"
"md","step-10-user-journeys","bmm","bmm/workflows/2-plan-workflows/create-ux-design/steps/step-10-user-journeys.md","e10b5cbb0b2a09a47c532d88419475e5e11a3d8b9dae3032e6f67c83d418d2b1"
"md","step-11-complete","bmm","bmm/workflows/2-plan-workflows/prd/steps/step-11-complete.md","924851a41ae629c5c8360054350a3e56fc79ce58e5878769583df458dcf7d2dc"
"md","step-11-component-strategy","bmm","bmm/workflows/2-plan-workflows/create-ux-design/steps/step-11-component-strategy.md","829bf9bfcd29ca747d83045ed9e8dc77e36e49c5e3b5933bb6835f7e6d953aa3"
"md","step-12-ux-patterns","bmm","bmm/workflows/2-plan-workflows/create-ux-design/steps/step-12-ux-patterns.md","feebd5ecef91d20eec13c6958e04d2bf8045b630ab0c39d8a02494a00cb98926"
"md","step-13-responsive-accessibility","bmm","bmm/workflows/2-plan-workflows/create-ux-design/steps/step-13-responsive-accessibility.md","18db2bd64c66f7491a1aa44f3c8592f56765a4a697dd5f9d545237df7859685f"
"md","step-14-complete","bmm","bmm/workflows/2-plan-workflows/create-ux-design/steps/step-14-complete.md","46d567d973218ecbd73ad11b0097dda50390a9aa50679692cd76e7ddeeb200fb"
"md","template","bmm","bmm/workflows/4-implementation/create-story/template.md","29ba697368d77e88e88d0e7ac78caf7a78785a7dcfc291082aa96a62948afb67"
"md","test-architecture","bmm","bmm/docs/test-architecture.md","9f63c9164c9c85ccbc7c53114d2c375db72654b4d3387387d5536547f9bd865b"
"md","test-design-template","bmm","bmm/workflows/testarch/test-design/test-design-template.md","be2c766858684f5afce7c140f65d6d6e36395433938a866dea09da252a723822"
"md","test-healing-patterns","bmm","bmm/testarch/knowledge/test-healing-patterns.md","b44f7db1ebb1c20ca4ef02d12cae95f692876aee02689605d4b15fe728d28fdf"
"md","test-levels-framework","bmm","bmm/testarch/knowledge/test-levels-framework.md","80bbac7959a47a2e7e7de82613296f906954d571d2d64ece13381c1a0b480237"
"md","test-priorities-matrix","bmm","bmm/testarch/knowledge/test-priorities-matrix.md","321c3b708cc19892884be0166afa2a7197028e5474acaf7bc65c17ac861964a5"
"md","test-quality","bmm","bmm/testarch/knowledge/test-quality.md","97b6db474df0ec7a98a15fd2ae49671bb8e0ddf22963f3c4c47917bb75c05b90"
"md","test-review-template","bmm","bmm/workflows/testarch/test-review/test-review-template.md","b476bd8ca67b730ffcc9f11aeb63f5a14996e19712af492ffe0d3a3d1a4645d2"
"md","timing-debugging","bmm","bmm/testarch/knowledge/timing-debugging.md","c4c87539bbd3fd961369bb1d7066135d18c6aad7ecd70256ab5ec3b26a8777d9"
"md","trace-template","bmm","bmm/workflows/testarch/trace/trace-template.md","148b715e7b257f86bc9d70b8e51b575e31d193420bdf135b32dd7bd3132762f3"
"md","troubleshooting","bmm","bmm/docs/troubleshooting.md","e301f7463cc34d95cf66aa8fcc356924a658ae7e9beb6f3366b8b7c35fbf7766"
"md","ux-design-template","bmm","bmm/workflows/2-plan-workflows/create-ux-design/ux-design-template.md","ffa4b89376cd9db6faab682710b7ce755990b1197a8b3e16b17748656d1fca6a"
"md","visual-debugging","bmm","bmm/testarch/knowledge/visual-debugging.md","072a3d30ba6d22d5e628fc26a08f6e03f8b696e49d5a4445f37749ce5cd4a8a9"
"md","workflow","bmm","bmm/workflows/1-analysis/create-product-brief/workflow.md","09f24c579989fe45ad36becafc63b5b68f14fe2f6d8dd186a9ddfb0c1f256b7b"
"md","workflow","bmm","bmm/workflows/1-analysis/research/workflow.md","196f2ab211b8e375cbfba2282f20fbe41b951bd9ece0dba18661131563fe2012"
"md","workflow","bmm","bmm/workflows/2-plan-workflows/create-ux-design/workflow.md","ede26e0d7302cd748be93274e5f65f7422e577926e766bb3386b1e252311dc4c"
"md","workflow","bmm","bmm/workflows/2-plan-workflows/prd/workflow.md","61ee19516527d0a400ad958326bd77340b8e4d2efc45f3c118e588a1a53e91b8"
"md","workflow","bmm","bmm/workflows/3-solutioning/check-implementation-readiness/workflow.md","ed36aa4b1248aa6a7bae0de284159071de891a2ac44d82a88c0f940d3e3bb2c5"
"md","workflow","bmm","bmm/workflows/3-solutioning/create-architecture/workflow.md","4adfa25849107a8b95beb975d0f0e7a8591dd25d401906297e3c0a70e5939eae"
"md","workflow","bmm","bmm/workflows/3-solutioning/create-epics-and-stories/workflow.md","2ca790a6fa598a8b094dc14716a903b2b30b5eb97193933052c359858fe2aa6d"
"md","workflow","bmm","bmm/workflows/bmad-quick-flow/quick-dev/workflow.md","fe583e130c2590ba32caa89c5460790fffedf6597fd60f852d999f698def24b4"
"md","workflow","bmm","bmm/workflows/generate-project-context/workflow.md","8ad4ad82e6d5b283fc3a5ccc0040528fc2acfd1bcc723111d44c6bee2b5a0a64"
"md","workflow-architecture-reference","bmm","bmm/docs/workflow-architecture-reference.md","36efd4e3d74d1739455e896e62b7711bf4179c572f1eef7a7fae7f2385adcc6d"
"md","workflow-document-project-reference","bmm","bmm/docs/workflow-document-project-reference.md","41494bc70df72c8a87c291a2683288a781f810e73d2489fd0cad6a8121a9d36c"
"md","workflows-analysis","bmm","bmm/docs/workflows-analysis.md","351e7375bd1ac13ae6a4125091f13b3c10dfdada984252fc773f4128f2db110d"
"md","workflows-implementation","bmm","bmm/docs/workflows-implementation.md","b2fd9cb2fd44d38718832b1349c3b116d590fc5fe6294bdb2c1987362c474139"
"md","workflows-planning","bmm","bmm/docs/workflows-planning.md","be3e0347cb26380b4f978c7311efc033b01bd416c8cfbac4e3dec940ca99b2b4"
"md","workflows-solutioning","bmm","bmm/docs/workflows-solutioning.md","09e38cfe555cd48039cdd33c168c860c4f43df5308fcf0def9061746ce3454a0"
"svg","workflow-method-greenfield","bmm","bmm/docs/images/workflow-method-greenfield.svg","f0ce562d058e6edb114a8ae8bc51fa6a71394c08c0ac16aae07d959c88c6dcca"
"xml","instructions","bmm","bmm/workflows/4-implementation/code-review/instructions.xml","80d43803dced84f1e754d8690fb6da79e5b21a68ca8735b9c0ff709c49ac31ff"
"xml","instructions","bmm","bmm/workflows/4-implementation/create-story/instructions.xml","713b38a3ee0def92380ca97196d3457f68b8da60b78d2e10fc366c35811691fb"
"xml","instructions","bmm","bmm/workflows/4-implementation/dev-story/instructions.xml","d01f9b168f5ef2b4aaf7e1c2fad8146dacfa0ea845b101da80db688e1817cefb"
"yaml","config","bmm","bmm/config.yaml","abb43e21b90140ce9ad4150b686ffc46ed42a37f827e4eb5ff67907c4982ecf8"
"yaml","deep-dive","bmm","bmm/workflows/document-project/workflows/deep-dive.yaml","a16b5d121604ca00fffdcb04416daf518ec2671a3251b7876c4b590d25d96945"
"yaml","enterprise-brownfield","bmm","bmm/workflows/workflow-status/paths/enterprise-brownfield.yaml","04a43e86f644949302cd5d4d801fb2ccdbb0f66b75609bc1fa712fd5c3bce675"
"yaml","enterprise-greenfield","bmm","bmm/workflows/workflow-status/paths/enterprise-greenfield.yaml","20bda9331b02335c24f1686aab29183801d5de6cd40cadb4fd7472ee643cc8ab"
"yaml","excalidraw-templates","bmm","bmm/workflows/excalidraw-diagrams/_shared/excalidraw-templates.yaml","ca6e4ae85b5ab16df184ce1ddfdf83b20f9540db112ebf195cb793017f014a70"
"yaml","full-scan","bmm","bmm/workflows/document-project/workflows/full-scan.yaml","8ba79b190733006499515d9d805f4eacd90a420ffc454e04976948c114806c25"
"yaml","github-actions-template","bmm","bmm/workflows/testarch/ci/github-actions-template.yaml","cf7d1f0a1f2853b07df1b82b00ebe79f800f8f16817500747b7c4c9c7143aba7"
"yaml","gitlab-ci-template","bmm","bmm/workflows/testarch/ci/gitlab-ci-template.yaml","986f29817e04996ab9f80bf2de0d25d8ed2365d955cc36d5801afaa93e99e80b"
"yaml","method-brownfield","bmm","bmm/workflows/workflow-status/paths/method-brownfield.yaml","35365c7af516ba2205d16e19a656695890e53678613bf835d490c338b7467b59"
"yaml","method-greenfield","bmm","bmm/workflows/workflow-status/paths/method-greenfield.yaml","9f84ab40aa4c7984fd4e948f3f55823066e94fcbf1d16d207aee2a731e5c38ba"
"yaml","project-levels","bmm","bmm/workflows/workflow-status/project-levels.yaml","ffa9fb3b32d81617bb8718689a5ff5774d2dff6c669373d979cc38b1dc306966"
"yaml","sprint-status-template","bmm","bmm/workflows/4-implementation/sprint-planning/sprint-status-template.yaml","de75fe50bd5e3f4410ccc99fcd3f5dc958733b3829af1b13b4d7b0559bbca22b"
"yaml","team-fullstack","bmm","bmm/teams/team-fullstack.yaml","da8346b10dfad8e1164a11abeb3b0a84a1d8b5f04e01e8490a44ffca477a1b96"
"yaml","workflow","bmm","bmm/workflows/4-implementation/code-review/workflow.yaml","637532da3bba8f36cb887a5f51cdd6009e00e55dcf90585879cd40c07489c786"
"yaml","workflow","bmm","bmm/workflows/4-implementation/correct-course/workflow.yaml","fd61662b22f5ff1d378633b47837eb9542e433d613fbada176a9d61de15c2961"
"yaml","workflow","bmm","bmm/workflows/4-implementation/create-story/workflow.yaml","a196fae24481e164bea6c0fdba7fbbaaf7cb48f4240d1ec148623f0ece298d8d"
"yaml","workflow","bmm","bmm/workflows/4-implementation/dev-story/workflow.yaml","270cb47b01e5a49d497c67f2c2605b808a943daf2b34ee60bc726ff78ac217b3"
"yaml","workflow","bmm","bmm/workflows/4-implementation/retrospective/workflow.yaml","633386dc86763d0f8153ecaf727a96c65775b2eaf9ce4d7bef8df8baf61b28e9"
"yaml","workflow","bmm","bmm/workflows/4-implementation/sprint-planning/workflow.yaml","3038e7488b67303814d95ebbb0f28a225876ec2e3224fdaa914485f5369a44bf"
"yaml","workflow","bmm","bmm/workflows/4-implementation/sprint-status/workflow.yaml","92c50c478b87cd5c339cdb38399415977f58785b4ae82f7948ba16404fa460cf"
"yaml","workflow","bmm","bmm/workflows/bmad-quick-flow/create-tech-spec/workflow.yaml","a8fb07d79cacc4d79c29e02094af60541298508b546efe720b1c1b4475eb1c29"
"yaml","workflow","bmm","bmm/workflows/document-project/workflow.yaml","82e731ea08217480958a75304558e767654d8a8262c0ec1ed91e81afd3135ed5"
"yaml","workflow","bmm","bmm/workflows/excalidraw-diagrams/create-dataflow/workflow.yaml","a845be912077a9c80fb3f3e2950c33b99139a2ae22db9c006499008ec2fa3851"
"yaml","workflow","bmm","bmm/workflows/excalidraw-diagrams/create-diagram/workflow.yaml","bac0e13f796b4a4bb2a3909ddef230f0cd1712a0163b6fe72a2966eed8fc87a9"
"yaml","workflow","bmm","bmm/workflows/excalidraw-diagrams/create-flowchart/workflow.yaml","a8f6e3680d2ec51c131e5cd57c9705e5572fe3e08c536174da7175e07cce0c5d"
"yaml","workflow","bmm","bmm/workflows/excalidraw-diagrams/create-wireframe/workflow.yaml","88ce19aff63a411583756cd0254af2000b6aac13071204dc9aef61aa137a51ef"
"yaml","workflow","bmm","bmm/workflows/testarch/atdd/workflow.yaml","671d3319e80fffb3dedf50ccda0f3aea87ed4de58e6af679678995ca9f5262b0"
"yaml","workflow","bmm","bmm/workflows/testarch/automate/workflow.yaml","3d49eaca0024652b49f00f26f1f1402c73874eb250431cb5c1ce1d2eddc6520b"
"yaml","workflow","bmm","bmm/workflows/testarch/ci/workflow.yaml","e42067278023d4489a159fdbf7a863c69345e3d3d91bf9af8dcff49fd14f0e6d"
"yaml","workflow","bmm","bmm/workflows/testarch/framework/workflow.yaml","857b92ccfa185c373ebecd76f3f57ca84a4d94c8c2290679d33010f58e1ed9e1"
"yaml","workflow","bmm","bmm/workflows/testarch/nfr-assess/workflow.yaml","24a0e0e6124c3206775e43bd7ed4e1bfba752e7d7a0590bbdd73c2e9ce5a06ec"
"yaml","workflow","bmm","bmm/workflows/testarch/test-design/workflow.yaml","30a9371f2ea930e7e68b987570be524b2e9d104c40c28e818a89e12985ba767a"
"yaml","workflow","bmm","bmm/workflows/testarch/test-review/workflow.yaml","d64517e211eceb8e5523da19473387e642c5178d5850f92b1aa5dc3fea6a6685"
"yaml","workflow","bmm","bmm/workflows/testarch/trace/workflow.yaml","0ba5d014b6209cc949391de9f495465b7d64d3496e1972be48b2961c8490e6f5"
"yaml","workflow","bmm","bmm/workflows/workflow-status/init/workflow.yaml","c3ac4692fa8c04de3ccbf8fab3805dcf4c01c792fb55abc57f66e73201b35786"
"yaml","workflow","bmm","bmm/workflows/workflow-status/workflow.yaml","390e733bee776aaf0312c5990cdfdb2d65c4f7f56001f428b8baddeb3fe8f0fe"
"yaml","workflow-status-template","bmm","bmm/workflows/workflow-status/workflow-status-template.yaml","0ec9c95f1690b7b7786ffb4ab10663c93b775647ad58e283805092e1e830a0d9"
"csv","advanced-elicitation-methods","core","core/tasks/advanced-elicitation-methods.csv","e08b2e22fec700274982e37be608d6c3d1d4d0c04fa0bae05aa9dba2454e6141"
"csv","brain-methods","core","core/workflows/brainstorming/brain-methods.csv","0ab5878b1dbc9e3fa98cb72abfc3920a586b9e2b42609211bb0516eefd542039"
"md","excalidraw-helpers","core","core/resources/excalidraw/excalidraw-helpers.md","37f18fa0bd15f85a33e7526a2cbfe1d5a9404f8bcb8febc79b782361ef790de4"
"md","library-loader","core","core/resources/excalidraw/library-loader.md","7837112bd0acb5906870dff423a21564879d49c5322b004465666a42c52477ab"
"md","README","core","core/resources/excalidraw/README.md","72de8325d7289128f1c8afb3b0eea867ba90f4c029ca42e66a133cd9f92c285d"
"md","step-01-agent-loading","core","core/workflows/party-mode/steps/step-01-agent-loading.md","ebdeac5e67a5c9bde93cd1750963c0f0b0f354c19ccf922f9d681e6ae425d729"
"md","step-01-session-setup","core","core/workflows/brainstorming/steps/step-01-session-setup.md","943118388f1cb81eda922240a944cff84517388298ead6b9e02f917432d8bf31"
"md","step-01b-continue","core","core/workflows/brainstorming/steps/step-01b-continue.md","9d531b012f85a2a7c3ddd94a2adeb8189eab24c370d099dbabb1bd6e33b3a9cb"
"md","step-02-discussion-orchestration","core","core/workflows/party-mode/steps/step-02-discussion-orchestration.md","1f0a6ca96139f522cc26ce6fdf78b4f94297201a53f06c30fb30e65717957cfb"
"md","step-02a-user-selected","core","core/workflows/brainstorming/steps/step-02a-user-selected.md","24158414bfe6daa46c94e6e43a9ec3a8d9a6dfe1b2a5bd8b719d06c775dcc73d"
"md","step-02b-ai-recommended","core","core/workflows/brainstorming/steps/step-02b-ai-recommended.md","68774e344cdcffbbd8fd9c5bec5bbe4cfd5297eb9734fc542606831becc38441"
"md","step-02c-random-selection","core","core/workflows/brainstorming/steps/step-02c-random-selection.md","24b54de6ed3a3b0b87a23a28a69a5fa73e8bf9fb80353fb12db8258c1e29ac95"
"md","step-02d-progressive-flow","core","core/workflows/brainstorming/steps/step-02d-progressive-flow.md","34b53545f18cd26db8bff81072e1c6b38efe031969e72d79c7efa2814f3b9073"
"md","step-03-graceful-exit","core","core/workflows/party-mode/steps/step-03-graceful-exit.md","c07d1b5c3b4d48e8903872f24654e96f8cadd1d08202be3f5c2e381aa664e9bb"
"md","step-03-technique-execution","core","core/workflows/brainstorming/steps/step-03-technique-execution.md","a0f7ef0d58ccf21c1e10b9ab221f8dbcc8ddc0c09b322da3863996e8731b6409"
"md","step-04-idea-organization","core","core/workflows/brainstorming/steps/step-04-idea-organization.md","2a7f516d0e598ec3462795b1e5fe2bf2f3745276ca6ae609eed5562bacf46b0d"
"md","template","core","core/workflows/brainstorming/template.md","5c99d76963eb5fc21db96c5a68f39711dca7c6ed30e4f7d22aedee9e8bb964f9"
"md","validate-json-instructions","core","core/resources/excalidraw/validate-json-instructions.md","0970bac93d52b4ee591a11998a02d5682e914649a40725d623489c77f7a1e449"
"md","workflow","core","core/workflows/brainstorming/workflow.md","81f29e8e5d2dc6cd0ad2d9821b1908ad026cfb389246fb3621234eed369dc4fa"
"md","workflow","core","core/workflows/party-mode/workflow.md","5f0f9cd9533115cde2c645e2b46c150080b8262fce9b91078af3f424bbf26bf3"
"xml","advanced-elicitation","core","core/tasks/advanced-elicitation.xml","c6dbc901671bcdf0c1d28e5cd388c958577bf255c7a3922302602fd3b981b2ee"
"xml","index-docs","core","core/tasks/index-docs.xml","13ffd40ccaed0f05b35e4f22255f023e77a6926e8a2f01d071b0b91a4c942812"
"xml","review-adversarial-general","core","core/tasks/review-adversarial-general.xml","05466fd1a0b207dd9987ba1e8674b40060025b105ba51f5b49fe852c44e51f12"
"xml","shard-doc","core","core/tools/shard-doc.xml","f71987855cabb46bd58a63a4fd356efb0739a272ab040dd3c8156d7f538d7caf"
"xml","validate-workflow","core","core/tasks/validate-workflow.xml","539e6f1255efbb62538598493e4083496dc0081d3c8989c89b47d06427d98f28"
"xml","workflow","core","core/tasks/workflow.xml","38a94a0926acfdcd0fe80694d8ca551a2ce3237b203bffd562064f1b8d89a68b"
"yaml","config","core","core/config.yaml","24563dc3328322060fbfe8d9d193910466b807dead7ad6e062f0131224fb29e4"
